Company,Address,City,State,Zip,County,Website,Contact,Title,Sales,SIC Code,Industry
Nordstrom Inc,1617 Sixth Avenue,Seattle,WA,98101,King,http://www.shop.nordstrom.com,Bonnie Bender,Buyer,$1 bil and above,565100,Family Clothing Stores
Nordstrom Inc,1617 Sixth Avenue,Seattle,WA,98101,King,http://www.shop.nordstrom.com,Eileen Crum,National BP Replenishment Buyer,$1 bil and above,565100,Family Clothing Stores
Nordstrom Inc,1617 Sixth Avenue,Seattle,WA,98101,King,http://www.shop.nordstrom.com,Kristen Kessler,Buyer,$1 bil and above,565100,Family Clothing Stores
Nordstrom Inc,1617 Sixth Avenue,Seattle,WA,98101,King,http://www.shop.nordstrom.com,Marty Warr,Buyer,$1 bil and above,565100,Family Clothing Stores
Nordstrom Inc,1617 Sixth Avenue,Seattle,WA,98101,King,http://www.shop.nordstrom.com,Shannon Gilronan,Replenishment Buyer,$1 bil and above,565100,Family Clothing Stores
Nordstrom Inc,1617 Sixth Avenue,Seattle,WA,98101,King,http://www.shop.nordstrom.com,Sylvia Lorelli,Buyer,$1 bil and above,565100,Family Clothing Stores
EXPEDIA INC,333 108th Avenue NE,Bellevue,WA,98004,King,http://www.press.expediainc.com/index.php?s=43,Barb Lucas,Administrative Assistant,$1 bil and above,472400,Travel Agencies
State of Washington (USA),1301 ORTING KAPOWSIN HWY E,Orting,WA,98360-9550,Pierce,,David Devore,Executive Director,,945100,"Administration of Veterans' Affairs, Except Health Insurance"
KSER,2623 WETMORE AVENUE,EVERETT,WA,98201,Snohomish,http://www.kser.org,Chris Wartes,Chief Engineer,Less than $1 mil,483200,Radio Broadcasting Stations
General Motors Corp.,821 3rd Avenue S,Kent,WA,98032,King,http://www.gm.com,Wayne Stout,Chief Financial Officer,$1 bil and above,371100,Motor Vehicles and Passenger Car Bodies
Microsoft Corporation,1 Microsoft Way,Redmond,WA,98052-8300,King,http://www.microsoft.com,Christian Mendez-Villamil,Assistant to the office of the Vice President and Chief Information Officer,$1 bil and above,737200,Prepackaged Software
REI,6750 S 228TH ST,KENT,WA,98032-4803,King,http://www.rei.com,Wendie Mason,Merchandising and Marketing Assistant,,594100,Sporting Goods Stores and Bicycle Shops
Bradlee Distributors Inc,1400 Elliott Ave W,Seattle,WA,98119,King,http://www.bradlee.net,Gerald Isbister,Owner,Less than $1 mil,363900,"Household Appliances, NEC"
Gordon Trucking Inc,151 STEWART RD SW,Pacific,WA,98047-2108,King,http://www.gordontrucking.com,Ross Cook,Vice President Sales,,421300,"Trucking, Except Local"
Gordon Trucking Inc,151 Stewart Road SW,Pacific,WA,98047,King,http://www.gordontrucking.com,Larry Gordon,Owner,,421300,"Trucking, Except Local"
Gordon Trucking Inc,151 Stewart Rd Sw,Pacific,WA,98047-2108,King,http://www.gordontrucking.com,Kevin Loyd,Chief Information Officer,,421300,"Trucking, Except Local"
Gordon Trucking Inc,151 Stewart Rd SW,Pacific,WA,98047-2108,King,http://www.gordontrucking.com,Bob Goldberg,Chief Financial Officer,,421300,"Trucking, Except Local"
Nordstrom Inc,1617 Sixth Avenue,Seattle,WA,98101,King,http://www.shop.nordstrom.com,Christine Young,Supplier Diversity Program Manager,$1 bil and above,565100,Family Clothing Stores
Cutter & Buck Inc.,701 N 34TH ST STE 400,Seattle,WA,98103-3415,King,http://www.cutterbuck.com,David Hauge,Vice President and Chief Financial Officer,$100 mil to less than $25,513600,Men's and Boys' Clothing and Furnishings
Northrop Grumman Corporation,400 15TH ST SW STE 10FM,Auburn,WA,98001-6505,King,http://www.northropgrumman.com,Tara Mitchell,Customer Service Director,$1 bil and above,372800,"Aircraft Parts and Auxiliary Equipment, NEC"
Zetec Inc,8226 Bracken Place SE Suite 100,Snoqualmie,WA,98065,King,http://www.zetec.com,Teri Donnelly,Vice President of Human Resources & Administration,$5 mil to less than $10 m,382900,"Measuring and Controlling Devices, NEC"
Pratt Chiropractic Clinic,102 COTTAGE AVE,Cashmere,WA,98815-1002,Chelan,http://www.prattchiro.com,William Pratt,Owner,Less than $1 mil,804100,Offices and Clinics of Chiropractors
Eurocar,5821 ROOSEVELT WAY NE,Seattle,WA,98105-2741,King,http://www.eurocarservice.com,Wade Lawson,Owner,Less than $1 mil,753800,General Automotive Repair Shops
Idea Entity Corporation,12826 SE 40TH LN STE A11,Bellevue,WA,98006-5266,King,http://www.ideaentity.com,Venu Yerra,Chief Executive Officer,$1 mil to less than $5 mi,737300,Computer Integrated Systems Design
City of Seattle,PO BOX 94709,Seattle,WA,98124-4709,King,http://www.cityofseattle.net,Yvonne Tracy,Senior Network Security Engin,$10 mil to less than $25,911100,Executive Offices
"T-Mobile USA, Inc.",12920 SE 38Th St,Bellevue,WA,98006-1350,King,http://www.www-t-mobile.com,Jeffrey Lee,Marketing Product Manager,$1 bil and above,481200,Radiotelephone Communications
"T-Mobile USA, Inc.",12920 SE 38Th St,Bellevue,WA,98006-1350,King,http://www.www-t-mobile.com,Joshua Chun,Marketing Product Manager,$1 bil and above,481200,Radiotelephone Communications
"T-Mobile USA, Inc.",12920 SE 38Th St,Bellevue,WA,98006-1350,King,http://www.www-t-mobile.com,Mark Langston,Marketing Product Manager,$1 bil and above,481200,Radiotelephone Communications
PKF North American Network,2606 116TH AVE NE STE 200,Bellevue,WA,98004-1422,King,http://www.pkfnan.org,Dennis Conrad,Cpa,$1 mil to less than $5 mi,874800,"Business Consulting Services, NEC"
Weyerhaeuser Company,33663 Weyerhaeuser Way South,Federal Way,WA,98063-9777,King,http://www.weyerhaeuser.com,Darren Sorensen,President,$1 bil and above,81100,Timber Tracts
KSER,2623 WETMORE AVE,Everett,WA,98201-2926,Snohomish,http://www.kser.org,Ed Bremer,News and Public Affairs Director,Less than $1 mil,483200,Radio Broadcasting Stations
Weyerhaeuser Company,33663 Weyerhaeuser Way South,Federal Way,WA,98063-9777,King,http://www.weyerhaeuser.com,Daniel Fulton,"President, Chief Executive Officer, Director",$1 bil and above,81100,Timber Tracts
JONES SODA CO,234 9TH AVENUE N,SEATTLE,WA,98109,King,http://www.jonessoda.com,Laura Earl,Accounting Manager,$25 mil to less than $50,208600,Bottled and Canned Soft Drinks and Carbonated Waters
Summit Capital Group LLC,600 UNIVERSITY ST STE 2304,Seattle,WA,98101-4112,King,http://www.summitcap.com,David Martin,Partner,$1 mil to less than $5 mi,628200,Investment Advice
Selden's Interior Furnishings,1802 62nd Avenue E,Fife,WA,98424,Pierce,http://www.seldens.com,Rose Ryan,Controller,$10 mil to less than $25,571200,Furniture Stores
Summit Capital Group LLC,600 University Street Ste 2304,Seattle,WA,98101,King,http://www.summitcap.com,Robert Martin,Partner,$1 mil to less than $5 mi,628200,Investment Advice
Gordon Sound,9476 SILVERDALE WAY NW,SILVERDALE,WA,98383,Kitsap,http://www.gordonsound.com,Housen Guest,Owner,Less than $1 mil,735900,"Equipment Rental and Leasing, NEC"
CLARITY ENTERPRISES INC,734 Water Street Ste 203,Port Townsend,WA,98368,Jefferson,http://www.clarityei.com,Tina McCleese,Owner,Less than $1 mil,872100,"Accounting, Auditing, and Bookkeeping Services"
University Swaging Corp,610 Bellevue Way NE Ste 200,Bellevue,WA,98004,King,,Jim Hoover,President,$10 mil to less than $25,372800,"Aircraft Parts and Auxiliary Equipment, NEC"
Puget Custom Computers,2707 W Valley Highway N,Auburn,WA,98001,King,http://www.pugetsystems.com,Matthew Bach,Technician,$1 mil to less than $5 mi,573400,Computer and Computer Software Stores
"Storeyco, Inc.",3905 MARTIN WAY E STE D,OLYMPIA,WA,98506-5283,Thurston,http://www.storeyco.com,Ron Storey,Owner,Less than $1 mil,731200,Outdoor Advertising Services
Microsoft Corporation,1 Microsoft Way,Redmond,WA,98052-6399,King,http://www.microsoft.com,Benoit Dumon,Supply Chain Program Manager,$1 bil and above,737200,Prepackaged Software
Symetra Financial,777 108TH AVE NE STE 1200,Bellevue,WA,98004-5135,King,http://www.symetra.com,Jay Orum,"Assistant Vice President, Information Technology",$1 bil and above,631100,Life Insurance
Symetra Financial,777 108th Ave Ne Ste 1200,Bellevue,WA,98004-5135,King,http://www.symetra.com,Karen Saquing,Senior Risk Manager,$1 bil and above,631100,Life Insurance
Amgen Inc,1201 AMGEN CT W,Seattle,WA,98119-3105,King,http://www.amgen.com,Timothy Wanek,Process Engineer / Design and Development,$1 bil and above,283600,"Biological Products, Except Diagnostic Substances"
Viking Bank,4 NICKERSON ST STE 200,Seattle,WA,98109-1699,King,http://www.vikingbank.com,Dana Giove,Senior Vice President and Retail Sales Market Manager,$25 mil to less than $50,602100,National Commercial Banks
Snohomish County,728 134Th St SW Ste 128,Everett,WA,98204-5322,Snohomish,http://www.www1.co.snohomish.wa.us,John Doolittle,Vice President Marketing,,911100,Executive Offices
Nordstrom Inc,1617 Sixth Avenue,Seattle,WA,98101,King,http://www.shop.nordstrom.com,Lori Kondo,Administrative Assistant,$1 bil and above,565100,Family Clothing Stores
Microsoft Corporation,1 Microsoft Way,Redmond,WA,,King,http://www.microsoft.com,Jaymi Bauer,Senior Director of Xbox Product Marketing,$1 bil and above,737200,Prepackaged Software
Fluor Corporation,PO BOX 1050,RICHLAND,WA,99352,Benton,http://www.fluor.com,John Arslanian,Director IT Quality,$1 bil and above,871100,Engineering Services
"Universal Health Services, Inc.",202 N Division St,Auburn,WA,98001-4939,King,http://www.uhsinc.com,Leornard Freehof,Chief Executive Officer,$1 bil and above,806200,General Medical and Surgical Hospitals
Intermec Inc.,6001 36TH AVE W,Everett,WA,98203-1264,Snohomish,http://www.intermec.com,Bob Busch,Director of Corporate Audit,$500 mil to less than $1,357700,"Computer Peripheral Equipment, NEC"
Component Products Corp,11623 Cyrus Way,Mukilteo,WA,98275-5405,Snohomish,http://www.cpc-web.com,John Stone,President,$1 mil to less than $5 mi,372800,"Aircraft Parts and Auxiliary Equipment, NEC"
The Macerich Company,201 CASCADE MALL DR,Burlington,WA,98233-3253,Skagit,http://www.macerich.com,Jean Anderson,Specialty Leasing Manager,$500 mil to less than $1,679800,Real Estate Investment Trusts
Tecplot Inc,3535 Factoria Blvd SE,Bellevue,WA,98006-1290,King,http://www.tecplot.com,Brian Mullinax,Administrative Assistant,$5 mil to less than $10 m,737200,Prepackaged Software
Microsoft Corporation,ONE MICROSOFT WAY,Redmond,WA,98052,King,http://www.microsoft.com,Stephen Molloy,Program Manager,$1 bil and above,737200,Prepackaged Software
Nordstrom Inc,1700 SEVENTH AVENUE,SEATTLE,WA,98101,King,http://www.shop.nordstrom.com,Anita Ortiz,National Merchandise Manager,$1 bil and above,565100,Family Clothing Stores
Grant Thornton LLP,520 PIKE STREET,SEATTLE,WA,98101,King,http://www.grantthornton.com,David Dufendach,Executive Director,$500 mil to less than $1,872100,"Accounting, Auditing, and Bookkeeping Services"
Merriman Capital Management Inc,800 FIFTH AVENUE,SEATTLE,WA,98104,King,http://www.merrimancapital.com,Rich Buck,President,$10 mil to less than $25,628200,Investment Advice
Columbia River Bank,1301 A Street,Tacoma,WA,98402,Pierce,http://www.columbiariverbank.com,Gary Schminkey,Executive Vice President / Chief Financial Officer,$25 mil to less than $50,602200,State Commercial Banks
Association of Washington Public Hospital Districts,36 Klondike Rd,Republic,WA,99166-9701,Ferry,http://www.awphd.org,Karen Quinnell,Laboratory Director,,943100,Administration of Public Health Programs
Kaufman Scroggs,101 E HERON ST,Aberdeen,WA,98520-6614,Grays Harbor,http://www.kaufmanscroggs.com,Peter Scroggs,Owner,$1 mil to less than $5 mi,571200,Furniture Stores
Rivals.com,18110 E Valley Highway,Kent,WA,98032,King,http://www.rivals.com,Larry Keeler,President,$1 mil to less than $5 mi,737500,Information Retrieval Services
Providence Health System,914 S SCHEUBER RD,CENTRALIA,WA,98531,Lewis,http://www.providence.org,Gerda Barlow,Patient Safety & Quality Director,$1 bil and above,806200,General Medical and Surgical Hospitals
WASHINGTON STATE PUBLIC HEALTH ASSOCIATION INC,PO BOX 469,Spokane,WA,99210-0469,Spokane,http://www.wspha.org,Rick Hoover,Chief Information Officer,Less than $1 mil,839900,"Social Services, NEC"
Weyerhaeuser Company,33663 Weyerhaeuser Way S,Federal Way,WA,98001,King,http://www.weyerhaeuser.com,Linda McKenzie,Safety Coordinator,$1 bil and above,81100,Timber Tracts
Cray Inc.,411 1st Ave S Ste 600,Seattle,WA,98104,King,http://www.cray.com,Brian Johnson,Design Engineer,$250 mil to less than $50,357100,Electronic Computers
Microsoft Corporation,1 Microsoft Way,Redmond,WA,98052-6399,King,http://www.microsoft.com,Murray Vince,"General Manager, OEM Engineering and Strategy",$1 bil and above,737200,Prepackaged Software
Northrop Grumman Corporation,400 15th Sw,Auburn,WA,98001-6599,King,http://www.northropgrumman.com,Lorraine Morrow,Customer Service Director,$1 bil and above,372800,"Aircraft Parts and Auxiliary Equipment, NEC"
"Ryan Snyder Associates, LLC",2901 3RD AVE STE 500,Seattle,WA,98121-3014,King,http://www.rsa.cc,Traci Brewer,Deputy Executive Director,Less than $1 mil,738900,"Business Services, NEC"
Zebraquote.com,PO BOX 799,RENTON,WA,98057-0799,King,http://www.zebraquote.com,Brian Fife,President,Less than $1 mil,738900,"Business Services, NEC"
Meier Insurance Agency Inc,12100 NE 195TH ST STE 200,BOTHELL,WA,98011-5768,King,http://www.meierinsurance.com,Ernie Meier,President,Less than $1 mil,641100,"Insurance Agents, Brokers, and Service"
Nordstrom Inc,1617 Sixth Avenue,Seattle,WA,98101,King,http://www.shop.nordstrom.com,Rob Oze,Supervisor Network Services Group,$1 bil and above,565100,Family Clothing Stores
Walla Walla Valley Chamber of Commerce,364 S PARK ST,Walla Walla,WA,99362-3249,Walla Walla,http://www.wwvchamber.com,Rick Pummel,Information Technology Manager,Less than $1 mil,861100,Business Associations
Washington State Association of Student Employment Administrators,3307 3RD AVE W STE 201,Seattle,WA,98119-1950,King,http://www.wsasea.org,Richard Sleight,Manager of Information Systems,,944100,"Administration of Social, Human Resource and Income Maintenance Programs"
Honeywell International Inc,15128 E EUCLID AVE,Spokane Valley,WA,99216-1801,Spokane,http://www.honeywell.com,Renee Riggin,Information Technology Manager,$1 bil and above,372400,Aircraft Engines and Engine Parts
Skagit Valley Hospital,127 N.E. Camano Drive,Camano Island,WA,98282,Island,http://www.skagitvalleyhospital.org,Rhonda Olmsted,Manager,$100 mil to less than $25,806200,General Medical and Surgical Hospitals
Tecplot Inc,3535 FACTORIA BLVD SE STE 550,Bellevue,WA,98006-1213,King,http://www.tecplot.com,Debi Lyons,Buyer,$5 mil to less than $10 m,737200,Prepackaged Software
"T-Mobile USA, Inc.",12920 SE 38Th St,Bellevue,WA,98006,King,http://www.www-t-mobile.com,Morgan Crain,Communications Manager,$1 bil and above,481200,Radiotelephone Communications
"T-Mobile USA, Inc.",12920 SE 38Th St,Bellevue,WA,98006,King,http://www.www-t-mobile.com,Lisa Shelton,Product Marketing Manager,$1 bil and above,481200,Radiotelephone Communications
U.S. Bank,1420 5Th Ave 7Th Floor,Seattle,WA,98101,King,http://www.usbank.com,Dominic Venturo,Chief Innovation Officer for the Mobile Payment Division,$1 bil and above,602100,National Commercial Banks
Agilent Technologies Inc,1615 75TH ST SW,Everett,WA,98203-6261,Snohomish,http://www.agilent.com,Caleb Dougherty,Learning Products Engineer,$1 bil and above,382500,Instruments for Measuring and Testing of Electricity and Electrical Signals
Microsoft Corporation,1 Microsoft Way,Redmond,WA,98052-8300,King,http://www.microsoft.com,Lisa Anderson,Learning & Org Consultant,$1 bil and above,737200,Prepackaged Software
"T-Mobile USA, Inc.",12920 SE 38Th St,Bellevue,WA,98006-1350,King,http://www.www-t-mobile.com,Sarah McGee,"Senior Manager, Communications",$1 bil and above,481200,Radiotelephone Communications
Grant County PUD,30 C ST SW,Ephrata,WA,98823-1876,Grant,http://www.gcpud.org,James Mitchell,Safety Coordinator,$25 mil to less than $50,493900,"Combination Utilities, NEC"
Microsoft Corporation,1117 269TH AVE SE,Sammamish,WA,98075-7976,King,http://www.microsoft.com,Raul Rodriguez,Group Program Manager,$1 bil and above,737200,Prepackaged Software
Evergreen Eye Center,34719 6TH AVE S,Federal Way,WA,98003-8714,King,http://www.evergreeneye.com,JoAnn Robinson,Administrative Assistant,Less than $1 mil,801100,Offices and Clinics of Doctors of Medicine
Microsoft Corporation,1 Microsoft Way,Redmond,WA,98052-6399,King,http://www.microsoft.com,Matthew Woodget,Senior Product Marketing Manager,$1 bil and above,737200,Prepackaged Software
Morton General Hospital,Drawer C,Morton,WA,98356,Lewis,http://www.mortongeneral.org,Jay Auley,Facilities Manager,,806200,General Medical and Surgical Hospitals
Selden's Interior Furnishings,1802 62nd Ave E,Fife,WA,98424,Pierce,http://www.seldens.com,Scott Selden,Owner,$10 mil to less than $25,571200,Furniture Stores
Merriman Berkman Next Inc,800 5th Ave Ste 2900,Seattle,WA,98104-3108,King,http://www.fundadvice.com,Colleen Lindstrom,Chief Financial Officer,$10 mil to less than $25,628200,Investment Advice
Island Hospital,1211 24th St,Anacortes,WA,98221,Skagit,http://www.islandhospital.org,Tom Batz,Facility / Plant Manager,$25 mil to less than $50,806200,General Medical and Surgical Hospitals
Microsoft Corporation,1 Microsoft Way,Redmond,WA,98052-6399,King,http://www.microsoft.com,Doug McCutcheon,Senior Product Manager Worldwide Partner Strategy,$1 bil and above,737200,Prepackaged Software
Bassett Furniture Industries Inc,2233 BEL RED RD,Redmond,WA,98052-5512,King,http://www.bassettfurniture.com,Todd Copitzky,Owner,$100 mil to less than $25,251100,"Wood Household Furniture, Except Upholstered"
Weyerhaeuser Company,20015 67th Avenue NE,Arlington,WA,98223,Snohomish,http://www.weyerhaeuser.com,Randy Short,General Manager,$1 bil and above,81100,Timber Tracts
Nordstrom Inc,1700 7TH AVE STE 300,Seattle,WA,98101-4407,King,http://www.shop.nordstrom.com,William Garbato,Regional Facilities Manager,$1 bil and above,565100,Family Clothing Stores
Providence Health System,1801 Lind Ave SW,Renton,WA,98057-3368,King,http://www.providence.org,Kelly Voss,Executive Assistant to Chief Information Officer,$1 bil and above,806200,General Medical and Surgical Hospitals
Washington State Association of Student Employment Administrators,3307 3RD AVE W,Seattle,WA,98119-1997,King,http://www.wsasea.org,Susan Siverson,Information Systems Manager,,944100,"Administration of Social, Human Resource and Income Maintenance Programs"
HERMENS & ASSOC,12917 NW 40TH AVE,VANCOUVER,WA,98685-2165,Clark,,Shawn Hermens,Owner,Less than $1 mil,729100,Tax Return Preparation Services
Harborview Medical Center,325 9Th Ave,Seattle,WA,98104,King,http://www.harborview.org,Rachel Thompson,"Director, Medical Consult Service",$500 mil to less than $1,806200,General Medical and Surgical Hospitals
ModernMind Software Inc,801 1ST AVE S STE 200,Seattle,WA,98134-1215,King,http://www.modernmind.com,Daniel Rogers,Chief Executive Officer,$1 mil to less than $5 mi,737200,Prepackaged Software
Whidbey General Hospital,101 N MAIN ST,Coupeville,WA,98239-3413,Island,http://www.whidbeygen.org,Tom Tomasino,Chief Operating Officer,$50 mil to less than $100,806200,General Medical and Surgical Hospitals
Zones Inc,1102 15TH ST SW STE 102,Auburn,WA,98001-6524,King,http://www.zones.com,Steve Foster,Information Technology Director,$250 mil to less than $50,596100,Catalog and Mail-Order Houses
Microsoft Corporation,1 Microsoft Way,Redmond,WA,,King,http://www.microsoft.com,Wayne Applehans,"Director, Product Management",$1 bil and above,737200,Prepackaged Software
Grays Harbor Community Hospital,915 Anderson Drive,Aberdeen,WA,98520,Grays Harbor,http://www.ghchwa.org,Thomas Hightower,Chief Operating Officer,$50 mil to less than $100,806200,General Medical and Surgical Hospitals
Interstate Distributor Co.,PO Box 45999,Tacoma,WA,98448-5999,Pierce,http://www.drive4us.com,Steve Falk,Chief Financial Officer,$250 mil to less than $50,421300,"Trucking, Except Local"
Heartwood Inc,1414 SOUTH DIRECTOR STREET,SEATTLE,WA,98108,King,http://www.heartwoodinc.com,Howard Eustis,President Estimator,,252100,Wood Office Furniture
Thermo Fisher Scientific Inc.,2200 1st Ave. South,Seattle,WA,98134,King,http://www.thermofisher.com,Jim Beach,Executive Vice President and Chief Financial Officer,$1 bil and above,382600,Laboratory Analytical Instruments
Lake Chelan Community Hospital,Lake Chelan Community HospitalPO Box 908503 East Highland Avenue,Chelan,WA,98816,Chelan,http://www.lakechelan.com,DeLynn Cook,Chief Quality Officer,Less than $1 mil,806200,General Medical and Surgical Hospitals
Ch2M Hill Companies Ltd,1100 112th Ave. N.E.,Bellevue,WA,98004,King,http://www.ch2m.com,Jeff Haight,"Senior Vice President, Northwest Regional Manager",$1 bil and above,871100,Engineering Services
"Propet USA, Inc.",2415 W VALLEY HWY N,Auburn,WA,98001-1625,King,http://www.propetglobal.com,Robert Propet,President,$1 mil to less than $5 mi,513900,Footwear
Ch2M Hill Companies Ltd,1100 112th Ave NE Ste 400,Bellevue,WA,98004-4511,King,http://www.ch2m.com,Kathy Hanna,Business Group Sales Director,$1 bil and above,871100,Engineering Services
"Eddie Bauer, Inc.",10401 NE 8TH ST,Bellevue,WA,98004-4346,King,http://www.eddiebauer.com,Pam Miller,Contracts Manager Procurement,$1 bil and above,561100,Men's and Boys' Clothing and Accessory Stores
Cardiac Science Corporation,3303 MONTE VILLA PKWY,Bothell,WA,98021-8969,King,http://www.cardiacscience.com,Laura Prince,Administrative Assistant,$100 mil to less than $25,384100,Surgical and Medical Instruments and Apparatus
Seattle Cancer Care Alliance,825 EASTLAKE AVE E,Seattle,WA,98109-4405,King,http://www.seattlecca.org,Dave Buck,Revenue Services Manager,$100 mil to less than $25,806200,General Medical and Surgical Hospitals
Microsoft Corporation,1 Microsoft Way,Redmond,WA,98052,King,http://www.microsoft.com,Maria Barreto,Facilities Manager,$1 bil and above,737200,Prepackaged Software
Nordstrom Inc,1617 Sixth Avenue,Seattle,WA,98101,King,http://www.shop.nordstrom.com,Maxine Rhodes,National Assistant Replenishment Buyer,$1 bil and above,565100,Family Clothing Stores
Weyerhaeuser Company,706 MODROW RD,Kalama,WA,98625-9494,Cowlitz,http://www.weyerhaeuser.com,Charles Bauska,Owner,$1 bil and above,81100,Timber Tracts
Internet Identity,1142 Broadway Ste 310,Tacoma,WA,98402,Pierce,http://www.internetidentity.com,Chris Richrdson,Manager,$1 mil to less than $5 mi,738200,Security Systems Services
Symetra Financial,777 108th Ave Ne Ste 1200,Bellevue,WA,98004-5135,King,http://www.symetra.com,Merry Abeel,Managing Director Mutual Funds,$1 bil and above,631100,Life Insurance
Jefferson Healthcare,834 Sheridan St,Port Townsend,WA,98368,Jefferson,http://www.jeffersonhealthcare.org,Jim Skannes,Facility / Plant Manager,$50 mil to less than $100,806200,General Medical and Surgical Hospitals
Weyerhaeuser Company,P O Box 9777,Federal Way,WA,98063-9777,King,http://www.weyerhaeuser.com,Barry Gasaway,General Manager,$1 bil and above,81100,Timber Tracts
"The Navigators Group, Inc.",2101 4th Ave Ste 600,Seattle,WA,98121-2381,King,http://www.navg.com,Mary Gurry,Office Manager,$500 mil to less than $1,633100,"Fire, Marine, and Casualty Insurance"
Ch2M Hill Companies Ltd,1313 BAY ST,Bellingham,WA,98225-4321,Whatcom,http://www.ch2m.com,David Boyer,Director of Operations,$1 bil and above,871100,Engineering Services
Microsoft Corporation,1 Microsoft Way,Redmond,WA,98052-6399,King,http://www.microsoft.com,Stan Freck,Director of Product Management for MSCOM Publishing,$1 bil and above,737200,Prepackaged Software
Bell Rollins & Rugh,204 S Koren Rd,Spokane,WA,99212,Spokane,http://www.brrllc.com,Donald Rodman,President,Less than $1 mil,872100,"Accounting, Auditing, and Bookkeeping Services"
Microsoft Corporation,1 Microsoft Way,Redmond,WA,,King,http://www.microsoft.com,Jeff Donosky,Product Manager,$1 bil and above,737200,Prepackaged Software
Microsoft Corporation,1 Microsoft Way,Redmond,WA,,King,http://www.microsoft.com,Chris Fernandez,Human Resources Director,$1 bil and above,737200,Prepackaged Software
Nordstrom Inc,1220 Howell St,Seattle,WA,98101,King,http://www.shop.nordstrom.com,Sharon Dale,Administrative Assistant,$1 bil and above,565100,Family Clothing Stores
Microsoft Corporation,One Microsoft Way,Redmond,WA,98052-7329,King,http://www.microsoft.com,Cybele Silea,Director of Client Services,$1 bil and above,737200,Prepackaged Software
Microsoft Corporation,One Microsoft Way,Redmond,WA,98052-6399,King,http://www.microsoft.com,Jane Frye,Vendor Password Manager,$1 bil and above,737200,Prepackaged Software
Pacific Association for Medical Equipment Services,12020 113th Ave. N.E. Ste. C-160,Kirkland,WA,98034,King,http://www.pames.org,Matt Wright,Purchasing Coordinator / Systems Administrator,Less than $1 mil,861100,Business Associations
KPBX,2319 North Monroe,Spokane,WA,99205,Spokane,http://www.kpbx.org,John Vlahovich,Program Director ; News Director,$1 mil to less than $5 mi,483200,Radio Broadcasting Stations
MOODY BIBLE INSTITUTE,5408 S FREYA ST,Spokane,WA,99223-7100,Spokane,,Chris Wright,Program Director,$50 mil to less than $100,866100,Religious Organizations
Microsoft Corporation,1 Microsoft Way,Redmond,WA,98052-8300,King,http://www.microsoft.com,Holly Cords,Staffing Manager,$1 bil and above,737200,Prepackaged Software
"T-Mobile USA, Inc.",19807 N Creek Pkwy,Bothell,WA,98011-8214,King,http://www.www-t-mobile.com,Christopher Wall,"Engineer 2, Systems Design",$1 bil and above,481200,Radiotelephone Communications
Savers Inc,11400 SE 6Th St Ste 220,Bellevue,WA,98004-6423,King,http://www.savers.com,Spencer Chee,Benefits Manager,$250 mil to less than $50,593200,Used Merchandise Stores
"T-Mobile USA, Inc.",15606 NE 40Th Saint Apt V 179,Redmond,WA,98052-7012,King,http://www.www-t-mobile.com,Ramya Ramachandran,Systems Design Engineer,$1 bil and above,481200,Radiotelephone Communications
OSRAM SYLVANIA Inc,747 Broadway,Seattle,WA,98122,King,http://www.sylvania.com,Craig Spinqath,"CIO, Vice President or Director of MIS or IT",$500 mil to less than $1,364100,Electric Lamp Bulbs and Tubes
Getty Images Inc,601 N 34th St,Seattle,WA,98103,King,http://www.gettyimages.com,Matt Gibson,Facilities Manager,,733500,Commercial Photography
Snoqualmie Valley Hospital,9575 Ethan Wade Way Se,Snoqualmie,WA,98065,King,http://www.snoqualmiehospital.org,Scott Nohavec,Facility Manager,$10 mil to less than $25,806200,General Medical and Surgical Hospitals
Nordstrom Inc,1617 6th Ave,Seattle,WA,98101-1707,King,http://www.shop.nordstrom.com,Jack McMillan,Department Store President,$1 bil and above,565100,Family Clothing Stores
Veterans Health Administration,1660 S Columbian Way,Seattle,WA,98108-1532,King,,Glenn Zwinger,Director of Information Technology,$1 mil to less than $5 mi,809200,Kidney Dialysis Centers
"Groupware Technology, Inc.",15355 SE 30Th Pl Ste 200,Bellevue,WA,98007,King,http://www.groupwaretechnology.com,David Killough,Director of Sales,,504500,Computers and Computer Peripheral Equipment and Software
"Radar, Inc.",22214 20Th Ave SE,Bothell,WA,98021-8490,King,,Vernon Jay,Purchasing Supervisor,$10 mil to less than $25,506500,"Electronic Parts and Equipment, NEC"
Nordstrom Inc,1617 6th Ave,Seattle,WA,98101,King,http://www.shop.nordstrom.com,Terry Miller,National / Energy Project Manager,$1 bil and above,565100,Family Clothing Stores
Jefferson Healthcare,834 Sheridan St,Port Townsend,WA,98368-2443,Jefferson,http://www.jeffersonhealthcare.org,Roger Gipson,Laboratory Director,$50 mil to less than $100,806200,General Medical and Surgical Hospitals
Evergreen Healthcare,12040 NE 128TH ST,Kirkland,WA,98034,King,http://www.evergreenhealthcare.org,Todd Buxton,Facility / Plant Manager,$250 mil to less than $50,806200,General Medical and Surgical Hospitals
SKARBO SCANDINAVIAN FURNITURE IMPORT INC,5354 BALLARD AVE NW,Seattle,WA,98107-4060,King,http://www.skarbos.com,Ronald Skarbos,Owner,$1 mil to less than $5 mi,571200,Furniture Stores
Lynden Incorporated,18000 International Blvd,Seatac,WA,98188-4253,King,http://www.lynden.com,Chris McCarthy,Manager Information Technology,,421300,"Trucking, Except Local"
"Ryan Snyder Associates, LLC",PO BOX 47300,Olympia,WA,98504-7300,Thurston,http://www.rsa.cc,Steve McKerney,Audit Office Director,Less than $1 mil,738900,"Business Services, NEC"
Nordstrom Inc,1700 7TH AVE STE 300,Seattle,WA,98101-4407,King,http://www.shop.nordstrom.com,Kihiro Mizobuchi,Sales Auditor,$1 bil and above,565100,Family Clothing Stores
Nordstrom Inc,1617 6TH AVE,SEATTLE,WA,98101-1707,King,http://www.shop.nordstrom.com,Blake Nordstrom,President,$1 bil and above,565100,Family Clothing Stores
Magnum Energy Inc,2211 W CASINO RD,Everett,WA,98204-1455,Snohomish,http://www.magnumenergy.com,Brian Linari,Design Engineer,$1 mil to less than $5 mi,367800,Electronic Connectors
Microsoft Corporation,1 Microsoft Way,Redmond,WA,98052-6399,King,http://www.microsoft.com,Rimes Mortimer,General Manager Strategic Alliances,$1 bil and above,737200,Prepackaged Software
Microsoft Corporation,1 Microsoft Way,Redmond,WA,98052-6399,King,http://www.microsoft.com,Moz Hussain,Director of Product Management,$1 bil and above,737200,Prepackaged Software
Microsoft Corporation,1 Microsoft Way,Redmond,WA,98052,King,http://www.microsoft.com,Sam Pailca,Attorney,$1 bil and above,737200,Prepackaged Software
Symetra Financial,777 108TH AVE NE STE 1200,Bellevue,WA,98004-5135,King,http://www.symetra.com,Thomas Marra,President Chief Executive Officer and Director,$1 bil and above,631100,Life Insurance
REI,1700 45th Street East,Sumner,WA,98352-0001,Pierce,http://www.rei.com,Laura Velasquez,Advertising / Marketing,,594100,Sporting Goods Stores and Bicycle Shops
Plexus Corp,4416 Russell Rd,Mukilteo,WA,98275,Snohomish,http://www.plexus.com,Nancy Barquist,"Senior Vice President, Sales",$1 bil and above,367200,Printed Circuit Boards
Akron Public Schools,2815 E Garland Ave,Spokane,WA,99207,Spokane,http://www.akronschools.com,Andrew Emanuele,Head Of Technology,Less than $1 mil,483200,Radio Broadcasting Stations
Absolute Software Corporation,10655 NE 4th St.Ste. 400Bellevue WA 98004,Bellevue,WA,98004,King,http://www.absolute.com,John Livingston,Chairman and Chief Executive Officer,Less than $1 mil,737200,Prepackaged Software
Sagemoor Vineyards,8930 W SAGEMOOR RD,Pasco,WA,99301-8775,Franklin,http://www.sagemoorvineyards.com,John Vitalich,Managing Director-Marketing,$1 mil to less than $5 mi,17200,Grapes
Microsoft Corporation,1 MICROSOFT WAY,REDMOND,WA,98052-6399,King,http://www.microsoft.com,Simon Mullins,Human Resources RECRUTING,$1 bil and above,737200,Prepackaged Software
GoMobile Advertising LLC,6805 S. 220Th,Kent,WA,98032-1921,King,http://www.gomobileadvertising.com,Ryan Moss,Marketing and Promotions Manager,$1 mil to less than $5 mi,731100,Advertising Agencies
"Trans-System, Inc.",PO BOX 3456,Spokane,WA,99220-3456,Spokane,http://www.trans-system.com,Pat Foran,Director - Management Information Systems,$100 mil to less than $25,421300,"Trucking, Except Local"
"T-Mobile USA, Inc.",12920 SE 38Th St,Bellevue,WA,98006-1350,King,http://www.www-t-mobile.com,Mark Kovach,"Security Manager, Customer-facing networks",$1 bil and above,481200,Radiotelephone Communications
Fluor Corporation,PO BOX 1050,Richland,WA,99352-1050,Benton,http://www.fluor.com,Paul Scharold,Information Technology Director,$1 bil and above,871100,Engineering Services
Microsoft Corporation,One Microsoft Way,Redmond,WA,,King,http://www.microsoft.com,Dan Arildson,"Lead Product Manager, Mobility",$1 bil and above,737200,Prepackaged Software
Nordstrom Inc,1700 7th Ave,Seattle,WA,98101-4407,King,http://www.shop.nordstrom.com,Scott Sagor,Senior Marketing Manager for Commercial Laptops,$1 bil and above,565100,Family Clothing Stores
Microsoft Corporation,One Microsoft Way,Redmond,WA,98052,King,http://www.microsoft.com,Benita Howe,Group Program Manager,$1 bil and above,737200,Prepackaged Software
Microsoft Corporation,1 Microsoft Way,Redmond,WA,98052,King,http://www.microsoft.com,David Barlin,Senior Product Manager,$1 bil and above,737200,Prepackaged Software
City of Seattle,PO BOX 34023,Seattle,WA,98124-4023,King,http://www.cityofseattle.net,Suzanne Hartman,"Director, Communications & Public",$10 mil to less than $25,911100,Executive Offices
REI,6750 S. 228th Street,Kent,WA,98032,King,http://www.rei.com,Joshua Motland,Desktop Technician,,594100,Sporting Goods Stores and Bicycle Shops
Color Press Inc.,1425 W ROSE ST,Walla Walla,WA,99362-1645,Walla Walla,http://www.colorpress.com,Keith Walde,President,,275400,"Commercial Printing, Gravure"
F5 Networks Inc,401 Elliott Avenue West,Seattle,WA,98119,King,http://www.f5.com,Chuck Wood,Director of Product Management,$500 mil to less than $1,737300,Computer Integrated Systems Design
Microsoft Corporation,One Microsoft Way,Redmond,WA,98052-7329,King,http://www.microsoft.com,Paula OBrien,Events Marketing Manager,$1 bil and above,737200,Prepackaged Software
KHSS-FM,38 East Main Street,Walla Walla,WA,99362-1937,Walla Walla,http://www.khssradio.com/,Rod Fazzari,Owner,Less than $1 mil,731100,Advertising Agencies
F5 Networks Inc,401 Elliott Ave West,Seattle,WA,98119,King,http://www.f5.com,Dorothy Pults,Director of Product Marketing,$500 mil to less than $1,737300,Computer Integrated Systems Design
KMPS,1000 Dexter Avenue N.,Seattle,WA,98109,King,http://www.kmps.com,Stephen Kilbreath,Program Director,$1 mil to less than $5 mi,483200,Radio Broadcasting Stations
Cherry Creek Radio,231 N WENATCHEE AVE,Wenatchee,WA,98801-2009,Chelan,http://www.cherrycreekradio.com,Eric Lutz,Program Director,$10 mil to less than $25,483200,Radio Broadcasting Stations
Microsoft Corporation,ONE MICROSOFT WAY,Redmond,WA,98052,King,http://www.microsoft.com,Ryan McGee,Product Manager - Seattle,$1 bil and above,737200,Prepackaged Software
Girlie Press Inc,1658 21st Ave,Seattle,WA,98122-2908,King,http://www.girliepress.com,Risa Blythe,Owner,Less than $1 mil,275900,"Commercial Printing, NEC"
BP PLC,4519 GRANDVIEW RD,Blaine,WA,98230-9640,Whatcom,http://www.bp.com,Nancy Thompson,Buyer,,291100,Petroleum Refining
Crane Aerospace & Electronics companies,16700 13TH AVE W,Lynnwood,WA,98037-8503,Snohomish,http://www.craneaerospace.com,Jerald Richardson,Buyer,,381200,"Search, Detection, Navigation, Guidance, Aeronautical, and Nautical Systems and Instruments"
Panasonic Corporation,22333 29TH DR SE,Bothell,WA,98021-7814,King,http://www.panasonic.com,Randi Hulce,Training Manager,,506400,"Electrical Appliances, Television and Radio Sets"
"T-Mobile USA, Inc.",12920 SE 38Th St,Bellevue,WA,98006,King,http://www.www-t-mobile.com,Ryan Butz,"Director, Customer Marketing",$1 bil and above,481200,Radiotelephone Communications
Nordstrom Inc,1617 6TH AVE,SEATTLE,WA,98101-1707,King,http://www.shop.nordstrom.com,Colin Johnson,Director Business Public Relations,$1 bil and above,565100,Family Clothing Stores
ColoCenters,2001 6TH AVE STE 1800,SEATTLE,WA,98121-2562,King,http://www.colocenters.com,Malcolm Mead,Owner,,737300,Computer Integrated Systems Design
Swedish Medical Center,747 BROADWAY,SEATTLE,WA,98122,King,http://www.swedish.org,Greg Whittlesey,"Supervisor, Information Technology Deployment",$1 bil and above,806200,General Medical and Surgical Hospitals
Teris,1001 4Th Ave Ste 2110,Seattle,WA,98154,King,http://www.sophisticatedlitigationsupportblog.com,Stefan Wikstrom,Chief Executive Officer,,733400,Photocopying and Duplicating Services
Blue Box Group LLC,2522 N PROCTOR ST,TACOMA,WA,98406-5338,Pierce,http://www.blueboxgrid.com,Jesse Proudman,Chief Executive Officer,Less than $1 mil,738900,"Business Services, NEC"
HEISKELL MACGILLIVRAY AND ASSOCIATES PS,1516 W. RIVERSIDE,SPOKANE,WA,99201,Spokane,,Doug Heiskell,Cpa,Less than $1 mil,811100,Legal Services
Microsoft Corporation,1 Microsoft Way,Redmond,WA,98052,King,http://www.microsoft.com,Eva Hui,Privacy Program Manager,$1 bil and above,737200,Prepackaged Software
Nordstrom Inc,1700 7TH AVE STE 300,Seattle,WA,98101-4407,King,http://www.shop.nordstrom.com,Trinity Reid,Renewal purchasing,$1 bil and above,565100,Family Clothing Stores
"Lincoln Data, Inc.",10103 N DIVISION ST STE 200A,Spokane,WA,99218-1365,Spokane,http://www.lincolndata.com,Marie Hackney,Owner,Less than $1 mil,737200,Prepackaged Software
Nordstrom Inc,1700 7th Ave Ste 300,Seattle,WA,98101-4407,King,http://www.shop.nordstrom.com,Stephanie Allen,Manager of Investor Relations,$1 bil and above,565100,Family Clothing Stores
Baby Grand,106 E 1ST ST,Port Angeles,WA,98362-2903,Clallam,http://www.babyongrand.com,Donita Henke,Owner,Less than $1 mil,571200,Furniture Stores
LA-Z-Boy Furntiure Galleries,2611 N WOODRUFF RD,Spokane Valley,WA,99206-4138,Spokane,,Mark Walker,Owner,$10 mil to less than $25,571200,Furniture Stores
Pacific Bioscience Laboratories Inc.,13222 SE 30TH ST STE A1,BELLEVUE,WA,98005-4459,King,http://www.clarisonic.com,Mike Lange,Mtg Planner and Training Manager,$25 mil to less than $50,384100,Surgical and Medical Instruments and Apparatus
Nordstrom Inc,1617 6th Avenue Suite 500,Seattle,WA,98101,King,http://www.shop.nordstrom.com,Margaret Scott,Diversity Education Manager,$1 bil and above,565100,Family Clothing Stores
Evergreen Healthcare,12040 NE 128TH STREET MAIL STOP 14,KIRKLAND,WA,98034-9917,King,http://www.evergreenhealthcare.org,Diane Owen,Vice President Finance,$250 mil to less than $50,806200,General Medical and Surgical Hospitals
IOACTIVE Inc,701 5TH AVE STE 6850,Seattle,WA,98104-7029,King,http://www.ioactive.com,Walter Pearce,Manager,$1 mil to less than $5 mi,738200,Security Systems Services
Microsoft Corporation,1 Microsoft Way,Redmond,WA,98052-6399,King,http://www.microsoft.com,Nadine Kano,"Senior Director, OEM Product Marketing",$1 bil and above,737200,Prepackaged Software
"RedChip Companies, Inc.",601 W Main Avenue Ste 210,Spokane,WA,99201,Spokane,http://www.redchip.com,Dale Butterfield,Chief Executive Officer,$1 mil to less than $5 mi,679900,"Investors, NEC"
T-Mobile Ltd,12920 SE 38Th Street,Bellevue,WA,98006,King,http://www.t-mobile.com,Mack Keysha,Coach,,481200,Radiotelephone Communications
Weyerhaeuser Company,PO Box 2069,Longview,WA,98632,Cowlitz,http://www.weyerhaeuser.com,Tim Haynes,President,$1 bil and above,81100,Timber Tracts
Coldwater Creek Inc,1070 BELLEVUE SQ,Bellevue,WA,98004-5019,King,http://www.coldwatercreek.com,Tina Inglis,Manager,$1 bil and above,562100,Women's Clothing Stores
NIKE INC,1500 6th Avenue,Seattle,WA,98101,King,http://www.nike.com,Veronica Morillow,General Manager,$1 bil and above,302100,Rubber and Plastics Footwear
Harkness Furniture,6612 S Tacoma Way,Tacoma,WA,98409,Pierce,http://www.harknessfurniture.com,John Opland,Manager,$1 mil to less than $5 mi,571200,Furniture Stores
Avue Technologies Corporation,1145 BROADWAY STE 800,Tacoma,WA,98402-3523,Pierce,http://www.avuetech.com,Joanna Truitt,"Director, Training & Education Services",$25 mil to less than $50,874200,Management Consulting Services
"Cadwell Laboratories, Inc.",909 N KELLOGG ST,Kennewick,WA,99336-7669,Benton,http://www.cadwell.com,Rick Villarreal,Principal Research and Development Design Engineer,$5 mil to less than $10 m,384500,Electromedical and Electrotherapeutic Apparatus
Microsoft Corporation,1 Microsoft Way,Redmond,WA,98052,King,http://www.microsoft.com,Andriy Klyuchevskyy,Software Design Engineer (Windows MultiPoint Server),$1 bil and above,737200,Prepackaged Software
Microsoft Corporation,1 Microsoft Way,Redmond,WA,98052,King,http://www.microsoft.com,Lalitha Mahajan,Program Manager,$1 bil and above,737200,Prepackaged Software
"ZymoGenetics, Inc.",1201 Eastlake Ave E,Seattle,WA,98102,King,http://www.zymogenetics.com,Julie Languille,"Associate Director, IT Project Management",$100 mil to less than $25,283400,Pharmaceutical Preparations
International Business Machines Corporation (IBM),1200 FIFTH AVE,Seattle,WA,98101,King,http://www.ibm.com,Kevin Twardus,Business Development Manager,$1 bil and above,357100,Electronic Computers
Lynden Incorporated,18000 INTERNATIONAL BLVD STE 800,Seatac,WA,98188-4263,King,http://www.lynden.com,Debbie Montgomery,Information Technology Consulting Manager,,421300,"Trucking, Except Local"
Eastside Commercial Bank,3326 160TH AVE SE STE 101,Bellevue,WA,98008-6418,King,http://www.eastsidecommercialbank.com,Chad Leesburg,"Assistant Vice President, Commercial Lending",$1 mil to less than $5 mi,602900,"Commercial Banks, NEC"
Microsoft Corporation,One Microsoft Way,Redmond,WA,98052-6399,King,http://www.microsoft.com,Bill Hilf,Lead Program Manager In d ustry Strategy,$1 bil and above,737200,Prepackaged Software
"T-Mobile USA, Inc.",12920 SE 38Th St,Bellevue,WA,98006,King,http://www.www-t-mobile.com,Dan Kalenius,Senior Product Manager,$1 bil and above,481200,Radiotelephone Communications
Microsoft Corporation,1 MICROSOFT WAY,Redmond,WA,98052,King,http://www.microsoft.com,Michael Francisco,Product Manager,$1 bil and above,737200,Prepackaged Software
"Lowe's Companies, Inc.",1625 11TH AVE NW,Issaquah,WA,98027-5323,King,http://www.lowes.com,Chris Whiting,Area Human Resources Manager,$1 bil and above,521100,Lumber and Other Building Materials Dealers
Nordstrom Inc,1501 4th Ave,Seattle,WA,98101,King,http://www.shop.nordstrom.com,Patty Gustaveson,Assistant Manager - Audit & Controls,$1 bil and above,565100,Family Clothing Stores
MATERIALS TESTING & CONSULTING INC,777 CHRYSLER DR,Burlington,WA,98233-4100,Skagit,http://www.mtc-inc.net,Niall Hackett,Owner,Less than $1 mil,874800,"Business Consulting Services, NEC"
Port Jobs,2711 Alaskan Way,Seattle,WA,98121-1107,King,http://www.portjobs.org,Fredrick Read,Manager Security Systems,$1 mil to less than $5 mi,736100,Employment Agencies
WASHINGTON STATE PUBLIC HEALTH ASSOCIATION INC,601 W 1st Ave,Spokane,WA,99201,Spokane,http://www.wspha.org,Chad Skidmore,Information Technology Director,Less than $1 mil,839900,"Social Services, NEC"
City of Seattle,810 VIRGINIA ST,Seattle,WA,98101-4401,King,http://www.cityofseattle.net,Fred Ibuki,Owner,$10 mil to less than $25,911100,Executive Offices
Weyerhaeuser Company,33663 Weyerhaeuser Way S,Federal Way,WA,98001,King,http://www.weyerhaeuser.com,Jon Luksetich,Logistics And Supply Chain Professional,$1 bil and above,81100,Timber Tracts
REI,6750 S 228TH ST,Kent,WA,98032-4803,King,http://www.rei.com,Uj Cha,Internet Marketing Program Manager,,594100,Sporting Goods Stores and Bicycle Shops
Magellan Architects,8383 158th Ave. N.E.,Redmond,WA,98052,King,http://www.magellanarchitects.com,Julianna Castro,Office Manager,$1 mil to less than $5 mi,871200,Architectural Services
Producciones Pino,915 200Th Pl SW,Lynnwood,WA,98036-3702,Snohomish,http://www.producciones.com,Ernesto Pino,Owner,Less than $1 mil,731100,Advertising Agencies
Intermec Inc.,6001 36th Avenue West,Everett,WA,98203-1264,Snohomish,http://www.intermec.com,Larrya Comparonea,Director - Finance,$500 mil to less than $1,357700,"Computer Peripheral Equipment, NEC"
Microsoft Corporation,1 Microsoft Way,Redmond,WA,98052-6399,King,http://www.microsoft.com,Barry Bond,Software Design Engineer Lead,$1 bil and above,737200,Prepackaged Software
Cascade Natural Gas Corporation,222 FAIRVIEW AVE N,Seattle,WA,98109-5312,King,http://www.cngc.com,Michael Brooks,Manager-purchasing,$250 mil to less than $50,492400,Natural Gas Distribution
Summerville Steel Company,PO BOX 88931,Seattle,WA,98138-2931,King,http://www.sumsteel.com,Mike Erickson,Purchasing Manager,Less than $1 mil,525100,Hardware Stores
"Expedia, Inc.",3150 139th Ave. SE,"Bellevue,",WA,98005,,http://www.expedia.com,Connie Symes,"Vice President, Human Resources",$1 bil and above,472400,Travel Agencies
Microsoft Corporation,1 Microsoft Way,Redmond,WA,98052-8300,King,http://www.microsoft.com,Justin Ayers,Program Manager,$1 bil and above,737200,Prepackaged Software
Microsoft Corporation,ONE MICROSOFT WAY,Redmond,WA,98052,King,http://www.microsoft.com,Ryan Moore,Product Manager,$1 bil and above,737200,Prepackaged Software
Microsoft Corporation,1 Microsoft Way,Redmond,WA,98052-8300,King,http://www.microsoft.com,Greg Rankich,Product Manager,$1 bil and above,737200,Prepackaged Software
F5 Networks Inc,401 Elliott Ave W,Seattle,WA,98119-4017,King,http://www.f5.com,Patrick Jenny,Vice President Product Development,$500 mil to less than $1,737300,Computer Integrated Systems Design
Weyerhaeuser Company,32275 32ND AVE S,Federal Way,WA,98001-9616,King,http://www.weyerhaeuser.com,Colleen Kilduff,"Director, Human Resources",$1 bil and above,81100,Timber Tracts
Electroimpact Inc,4606 107th St Sw,Mukilteo,WA,98275,Snohomish,http://www.electroimpact.com,Jason Rediger,Chief Engineer,,354200,"Machine Tools, Metal Forming Type"
Innovative Communications Technologies Inc,2201 6TH AVE STE 1222,Seattle,WA,98121-1831,King,http://www.ict.net,Sean Lamont,Chief Technology Officer,,481300,"Telephone Communications, Except Radiotelephone"
Washington State Association of Student Employment Administrators,2405 E COLLEGE WAY,Mount Vernon,WA,98273-5821,Skagit,http://www.wsasea.org,Roger Valentine,Physical Education Adjunct Instructor,,944100,"Administration of Social, Human Resource and Income Maintenance Programs"
Graphic Impressions,7908 S 228th St,Kent,WA,98032-3911,King,http://www.graphicimpressions.com,Craig Robinson,Owner,$1 mil to less than $5 mi,733600,Commercial Art and Graphic Design
Microsoft Corporation,1 Microsoft Way,Redmond,WA,98052-6399,King,http://www.microsoft.com,Laura Gray,"Partner Account Manager-Online Services, Northcentral District",$1 bil and above,737200,Prepackaged Software
"T-Mobile USA, Inc.",12920 SE 38Th St,Bellevue,WA,98006,King,http://www.www-t-mobile.com,Alex Samano,"Director, Product Strategy & Planning",$1 bil and above,481200,Radiotelephone Communications
IVOXY Consulting,5400 Carillon Point,Kirkland,WA,98033,King,http://www.ivoxy.com,Andrew Bull,Consultant,$1 mil to less than $5 mi,874800,"Business Consulting Services, NEC"
Microsoft Corporation,1 Microsoft Way,Redmond,WA,98052-8300,King,http://www.microsoft.com,Joe Andreshak,Product Manager-Office,$1 bil and above,737200,Prepackaged Software
Goodrich Corporation,3100 112th St SW,Everett,WA,98204,Snohomish,http://www.goodrich.com,Linda Armstrong,Human Resources Manager,$1 bil and above,372800,"Aircraft Parts and Auxiliary Equipment, NEC"
Cairncross & Hempelmann,524 Second Ave Ste 500,Seattle,WA,98104-2323,King,http://www.cairncross.com,John De Lanoy,Attorney,$10 mil to less than $25,811100,Legal Services
Weber Marketing Group Inc,425 PONTIUS AVE N STE 400,Seattle,WA,98109-5450,King,http://www.webermarketing.com,Randy Schultz,Vice President of Marketing,$1 mil to less than $5 mi,731100,Advertising Agencies
Weber Marketing Group Inc,425 Pontius Ave. N Suite 400,Seattle,WA,98109,King,http://www.webermarketing.com,Josh Streufert,Creative Director,$1 mil to less than $5 mi,731100,Advertising Agencies
BioSea Corporation,3060 139Th Avenue SE Suite 180,Bellevue,WA,98005,King,http://www.biosea.com,Nancy Yi,Chief Executive Officer and President and Founder,Less than $1 mil,283400,Pharmaceutical Preparations
Weyerhaeuser Company,33663 Weyerhaeuser Way S,Federal Way,WA,98001-9620,King,http://www.weyerhaeuser.com,Norman Johnson,Senior Vice President,$1 bil and above,81100,Timber Tracts
Nordstrom Inc,1617 6th Ave Ste 500,Seattle,WA,98101-1707,King,http://www.shop.nordstrom.com,Jack Minuk,Vice President Womens Shoes Full-Line Stores,$1 bil and above,565100,Family Clothing Stores
The Glosten Associates Inc,1201 Western Ave Ste 200,Seattle,WA,98101-2953,King,http://www.glosten.com,David Larsen,Transport and Logistics Manager,$5 mil to less than $10 m,871200,Architectural Services
"Columbia Banking System, Inc.",1301 A St,Tacoma,WA,98402-4200,Pierce,http://www.columbiabank.com,Donna Sayre,Assistant Vice President / Commercial Loan Officer,$100 mil to less than $25,602200,State Commercial Banks
"Bristlecone Advisors, Llc",1000 2ND AVE STE 3700,Seattle,WA,98104-1053,King,http://www.bristleconeadvisors.com,Patricia Gats,Information Controller,$1 mil to less than $5 mi,628200,Investment Advice
Isilon Systems Inc,3101 Western Avenue,Seattle,WA,98121,King,http://www.isilon.com,Bill Richter,Chief Financial Officer,$100 mil to less than $25,357200,Computer Storage Devices
Express Imaging Systems LLC,624 RAINIER AVE S,Seattle,WA,98144-2041,King,http://www.express-imaging.com,Keith Miller,Chief Executive Officer,$1 mil to less than $5 mi,386100,Photographic Equipment and Supplies
MARQUETTE BOOKS LLC,5915 S REGAL ST STE 118B,Spokane,WA,99223-6970,Spokane,http://www.marquettebooks.com,David Demers,Chief Executive Officer,Less than $1 mil,273100,"Books: Publishing, or Publishing and Printing"
Eagle Group of Companies,230 GRANT RD STE A1,East Wenatchee,WA,98802-7721,Douglas,http://www.eaglegroup.com,Larry Ronhovde,President Eagle Information Systems,,421400,Local Trucking with Storage
ABC News,2202 E SPRAGUE AVE,Spokane,WA,99202-3931,Spokane,http://www.abcnews.go.com,Greg Gallaway,Director - Information Technology,,738300,News Syndicates
Nordstrom Inc,1617 Sixth Avenue,Seattle,WA,98101,King,http://www.shop.nordstrom.com,Mark Peterson,Vice President Information Systems,$1 bil and above,565100,Family Clothing Stores
City of Seattle,720 2ND AVE,Seattle,WA,98104-1702,King,http://www.cityofseattle.net,Nokeo Saisitthidej,Manager of Information Technology,$10 mil to less than $25,911100,Executive Offices
Nordstrom Inc,1700 7TH AVE,Seattle,WA,98101,King,http://www.shop.nordstrom.com,Mary Lucchesi,Director East Marketing,$1 bil and above,565100,Family Clothing Stores
Spacelabs Healthcare Inc,5150 220TH AVE SE,Issaquah,WA,98029,King,http://www.spacelabshealthcare.com,Nicholas Ong,"Vice President, Sales & Marketing",$100 mil to less than $25,384100,Surgical and Medical Instruments and Apparatus
Celltech Group plc,501 Elliot Avenue West,Seattle,WA,98119,King,http://www.celltechgroup.com,Louis Bianco,Executive Vice President Finance / Administration,,283400,Pharmaceutical Preparations
Microsoft Corporation,1 Microsoft Way,Redmond,WA,98052-8300,King,http://www.microsoft.com,William Saez,Program Manager,$1 bil and above,737200,Prepackaged Software
Pioneer Human Services,PO BOX 18377,Seattle,WA,98118-0377,King,http://www.p-h-s.com,Tracey Groscost,"Senior Vice President, Finance; Chief Financial Officer",$50 mil to less than $100,152100,General Contractors-Single-Family Houses
Star Rentals Inc,1919 4TH AVE S,Seattle,WA,98134-1503,King,http://www.starrentals.com,Sheila Campau,Chief Financial Officer,$50 mil to less than $100,735300,Heavy Construction Equipment Rental and Leasing
Anderson Trucking Service Inc,450 Shattuck Ave S,Renton,WA,98055,King,http://www.ats-inc.com,Tom Easton,President,$250 mil to less than $50,421300,"Trucking, Except Local"
Microsoft Corporation,1 Microsoft Way,Redmond,WA,98052-8300,King,http://www.microsoft.com,Rob Moyer,"Group Program Manager, MSN Entertainment",$1 bil and above,737200,Prepackaged Software
Microsoft Corporation,1 Microsoft Way,Redmond,WA,98052-8300,King,http://www.microsoft.com,Srinath Vasireddy,Lead Program Manager,$1 bil and above,737200,Prepackaged Software
Lockheed Martin Corporation,6403 W 20TH AVE,Kennewick,WA,99338-1510,Benton,http://www.lockheedmartin.com,Vic Forney,Program Manager,$1 bil and above,372100,Aircraft
Savers Inc,11400 SE 6Th St Ste 220,Bellevue,WA,98004-6423,King,http://www.savers.com,Theresa Parson,Director of Human Resources,$250 mil to less than $50,593200,Used Merchandise Stores
WDS Global,10809 120Th Ave NE,Kirkland,WA,98033-5024,King,http://www.wdsglobal.com,Travis Shumaker,Human Resources and Facilities Director,$25 mil to less than $50,737400,Computer Processing and Data Preparation and Processing Services
Weyerhaeuser Company,33663 Weyerhaeuser Way South,Federal Way,WA,98003,King,http://www.weyerhaeuser.com,Stan Weeks,Staffing Manager,$1 bil and above,81100,Timber Tracts
Swedish Medical Center,600 UNIVERSITY ST STE 1200,Seattle,WA,98101-3300,King,http://www.swedish.org,Valerie Paul,Senior Human Resources Business Partner,$1 bil and above,806200,General Medical and Surgical Hospitals
"Tetra Tech, Inc.",1420 5TH AVE STE 600,Seattle,WA,98101-2357,King,http://www.tetratech.com,Shari Llona,Human Resources,$1 bil and above,871100,Engineering Services
Microsoft Corporation,1 Microsoft Way,Redmond,WA,98072,King,http://www.microsoft.com,James Hansen,MSN Video Program Manager,$1 bil and above,737200,Prepackaged Software
SeaMar Community Health Center,8800 14Th Ave S,Seattle,WA,98108-4864,King,http://www.seamar.org,Cyndi Fulmer,Application Support,,591200,Drug Stores and Proprietary Stores
Washington State Business,2417 28TH AVE NW,Olympia,WA,98502-3920,Thurston,http://www.choosewashington.com,Cory Plantenberg,Energy Program Manager,,953100,Administration of Housing Programs
Microsoft Corporation,One Microsoft Way,Redmond,WA,98074,King,http://www.microsoft.com,Rob Rancourt,Product Marketing Manager,$1 bil and above,737200,Prepackaged Software
Weyerhaeuser Company,1909 N 43RD ST,Seattle,WA,98103-7613,King,http://www.weyerhaeuser.com,Debbie Geiger,WRECO Assistant Corporate Controller,$1 bil and above,81100,Timber Tracts
City of Seattle,700 5th Ave Ste 3300,Seattle,WA,98104-5031,King,http://www.cityofseattle.net,Jodi Rian,Electrical Engineer,$10 mil to less than $25,911100,Executive Offices
City of Seattle,700 5th Ave Ste 3300,Seattle,WA,98104-5031,King,http://www.cityofseattle.net,Bahiru Egziabiher,Product Development Specialist,$10 mil to less than $25,911100,Executive Offices
Ch2M Hill Companies Ltd,917 Pacific Ave Ste 400,Tacoma,WA,98402-4421,Pierce,http://www.ch2m.com,John Conrad,Program Manager,$1 bil and above,871100,Engineering Services
Microsoft Corporation,1 Microsoft Way,Redmond,WA,98052-8300,King,http://www.microsoft.com,Kim Hart,Recruiter Training Director,$1 bil and above,737200,Prepackaged Software
Microsoft Corporation,1 Microsoft Way,Redmond,WA,98052-6399,King,http://www.microsoft.com,Linette Messett,Senior Product Manager,$1 bil and above,737200,Prepackaged Software
Microsoft Corporation,ONE MICROSOFT WAY,REDMOND,WA,98052,King,http://www.microsoft.com,Charles Chase,Group Product Manager,$1 bil and above,737200,Prepackaged Software
Lake Chelan Community Hospital,503 E Highland Ave,Chelan,WA,98816-8631,Chelan,http://www.lakechelan.com,Dee Cook,Chief Quality Officer,Less than $1 mil,806200,General Medical and Surgical Hospitals
Greater Columbia Behavioral Health,101 N Edison St,Kennewick,WA,99336-1958,Benton,http://www.gcbh.org,John Bartholomew,Chief Information Officer,,832200,Individual and Family Social Services
Laird Norton Trust Company,801 2ND AVE STE 1600,Seattle,WA,98104-1521,King,http://www.lntco.com,Kristi Mathisen,Director Tax / Financial Planning,$10 mil to less than $25,628200,Investment Advice
Laird Norton Trust Company,801 Second Avenue,Seattle,WA,98104,King,http://www.lntco.com,Robert Hille,Chief Compliance Officer,$10 mil to less than $25,628200,Investment Advice
Lourdes Health Network,520 N 4TH AVE,Pasco,WA,99301-5257,Franklin,http://www.lourdeshealth.net,Anita Kongslie,Director of Quality Management,$50 mil to less than $100,806200,General Medical and Surgical Hospitals
Philanthropy,2505 3RD AVE STE 200,Seattle,WA,98121-1494,King,http://www.philanthropy.com,Peter Berliner,PRI Makers Network Managing Director,$10 mil to less than $25,271100,"Newspapers: Publishing, or Publishing and Printing"
Microsoft Corporation,One Microsoft Way,Redmond,WA,98052-7329,King,http://www.microsoft.com,Paul Obeirne,Human Resources Director,$1 bil and above,737200,Prepackaged Software
ProQuest,501 N 34TH ST STE 400,Seattle,WA,98103,King,http://www.proquest.com,Mardi Olmstead,Director of Marketing,$250 mil to less than $50,737500,Information Retrieval Services
Flow International Corp,23500 64th Ave. South,Kent,WA,98032,King,http://www.flowautomationcorp.com,Daric Schweikart,Vice President of Information Technology and CIO,$100 mil to less than $25,356100,Pumps and Pumping Equipment
Really Smart,1418 S 5TH ST,Tacoma,WA,98405-3710,Pierce,,Matthew Guss,Owner,Less than $1 mil,731100,Advertising Agencies
Northwest Pipe Company,5721 SE COLUMBIA WAY STE 200,Vancouver,WA,98661-5991,Clark,http://www.nwpipe.com,Mary Folkins,Corporate Controller,$250 mil to less than $50,331700,Steel Pipe and Tubes
City of Fife,5411 23rd St E,Tacoma,WA,98424-2061,Pierce,http://www.cityoffife.org,Laurel Potter,Marketing Coordinator,,911100,Executive Offices
Foss Maritime Company,660 W EWING ST,Seattle,WA,98119-1529,King,http://www.foss.com,Bob Wilkinson,Manager Data Center Operations,$250 mil to less than $50,441200,Deep Sea Foreign Transportation of Freight
Cutter & Buck Inc.,701 N 34TH ST,Seattle,WA,98103,King,http://www.cutterbuck.com,Michael Pamintuan,Facilities Manager,$100 mil to less than $25,513600,Men's and Boys' Clothing and Furnishings
Hollister-Stier Laboratories LLC,3525 N Regal St,Spokane,WA,99207,Spokane,http://www.hollisterstier.com,Gregory Benzel,Facility Manager,$25 mil to less than $50,283400,Pharmaceutical Preparations
Washington Animal Disease Diagnostic Laboratory,Bustad Hall,Pullman,WA,99164-7010,Whitman,http://www.vetmed.wsu.edu,Michelle Martinez,Manager - Data Center,,807100,Medical Laboratories
REI,6750 S 228TH ST,Kent,WA,98032-4803,King,http://www.rei.com,Shelly Washington-Woodruff,Information Technology Development Manager Supply Chain,,594100,Sporting Goods Stores and Bicycle Shops
PR Newswire,11220 120TH AVE NE,KIRKLAND,WA,98033-4535,King,http://www.prnewswire.com,Matthew Sand,Director of Database Marketing,$25 mil to less than $50,738300,News Syndicates
Weyerhaeuser Company,33663 Weyerhaeuser Way S,Federal Way,WA,98001,King,http://www.weyerhaeuser.com,Bill Day,Safety Manager,$1 bil and above,81100,Timber Tracts
Whidbey General Hospital,101 N MAIN ST,Coupeville,WA,98239-3413,Island,http://www.whidbeygen.org,Alice Smith,Laboratory Director,$50 mil to less than $100,806200,General Medical and Surgical Hospitals
Moses Lake Community Health Center,801 E Wheeler Rd,Moses Lake,WA,98837-1820,Grant,http://www.mlchc.org,Pat Harrington,Laboratory Director,$10 mil to less than $25,801100,Offices and Clinics of Doctors of Medicine
BrightArrow Technologies Inc,2535 152ND AVE NE STE D,Redmond,WA,98052-5537,King,http://www.brightarrow.com,Raymond Bily,Chief Executive Officer,Less than $1 mil,737200,Prepackaged Software
Washington Mutual Bank,1201 3rd Ave,Seattle,WA,98101-3029,King,http://www.wamu.com,Carol Mastenbrook,Senior Vice President Human Resources,,603500,"Savings Institutions, Federally Chartered"
Northwest Kidney Centers,700 BROADWAY,Seattle,WA,98122-4302,King,http://www.nwkidney.org,Kenneth Cheung,Information Technology Manager,$50 mil to less than $100,809200,Kidney Dialysis Centers
Microsoft Corporation,One Microsoft Way Building 99,Redmond,WA,98052,King,http://www.microsoft.com,Donald Brinkman,Program Manager,$1 bil and above,737200,Prepackaged Software
Life Care Centers of America,1821 Grove St,Marysville,WA,98270-4329,Snohomish,http://www.lcca.com,Madeleine Villa,Manager,$50 mil to less than $100,805100,Skilled Nursing Care Facilities
Whidbey General Hospital,101 N MAIN ST,Coupeville,WA,98239,Island,http://www.whidbeygen.org,Troy Holmes,Facility / Plant Manager,$50 mil to less than $100,806200,General Medical and Surgical Hospitals
Korry Electronics Co,901 DEXTER AVE N STE 1500,Seattle,WA,98109-3515,King,http://www.korry.com,Kevin Parson,Senior Design Engineer,$25 mil to less than $50,361300,Switchgear and Switchboard Apparatus
Electroimpact Inc,4606 107th St Sw,Mukilteo,WA,98275,Snohomish,http://www.electroimpact.com,Daniel Fourcroy,Chief Engineer,,354200,"Machine Tools, Metal Forming Type"
Microsoft Corporation,1 Microsoft Way,Redmond,WA,98052-6399,King,http://www.microsoft.com,Amy Hood,"General Manager, MBD Strategy",$1 bil and above,737200,Prepackaged Software
Microsoft Corporation,1 Microsoft Way,Redmond,WA,98052-6399,King,http://www.microsoft.com,Ed Eijsenring,"Director of Business Strategy, Xbox Games",$1 bil and above,737200,Prepackaged Software
Microsoft Corporation,1 Microsoft Way,Redmond,WA,98052-6399,King,http://www.microsoft.com,Kees Hertogh,Director Product Management,$1 bil and above,737200,Prepackaged Software
U.S. HealthWorks Inc,24031 104TH AVE SE,Kent,WA,98030-4975,King,http://www.ushealthworks.com,Ann Crawford,Manager,,801100,Offices and Clinics of Doctors of Medicine
Nordstrom Inc,1617 6TH AVE,Seattle,WA,98101-1707,King,http://www.shop.nordstrom.com,Michael Maher,Corporate Controller,$1 bil and above,565100,Family Clothing Stores
Holly Hill House Inc,611 POLK STREET,PORT TOWNSEND,WA,98368,Jefferson,http://www.hollyhillhouse.com,Greg Dortch,Owner,$250 mil to less than $50,805100,Skilled Nursing Care Facilities
ElderHealth Northwest,12322 AIRPORT RD,Everett,WA,98204-5513,Snohomish,http://www.elderhealth.org,Kristin Ott,Manager,,832200,Individual and Family Social Services
Microsoft Corporation,1 Microsoft Way,Redmond,WA,98052,King,http://www.microsoft.com,Aaron Holzer,Senior Product Manager Window Server Marketing,$1 bil and above,737200,Prepackaged Software
Microsoft Corporation,One Microsoft Way,Redmond,WA,98052,King,http://www.microsoft.com,Chris Helf,Senior Human Resources Manager,$1 bil and above,737200,Prepackaged Software
DHL,707 S Orcas St,Seattle,WA,98108-2627,King,http://www.dhl.com,Tim Hinthorn,Vice President of Customer Service,$1 bil and above,451300,Air Courier Services
Frontier Bank,12507 116TH AVE NE,Kirkland,WA,98034,King,http://www.frontierbank.com,Nancy Opp,Loan Officer,$250 mil to less than $50,602200,State Commercial Banks
Canandaigua Wine Company,2310 Holmason Rd,Sunnyside,WA,98944,Yakima,http://www.cwine.com,Tim Hightower,General Manager; Systems / data Processing; Personnel,Less than $1 mil,518200,Wine and Distilled Alcoholic Beverages
"BLEYHL FARM SERVICE, INC",1620 EASTWAY DR,Sunnyside,WA,98944-1648,Yakima,http://www.bleyhl.com,Ivan Garza,Pump Service Tech,$50 mil to less than $100,519100,Farm Supplies
Texas Association for Healthcare Quality,1601 E FOURTH PLAIN BLVD,VANCOUVER,WA,98661-3753,Clark,http://www.txquality.org,Jacalyn Hardy,Chief Learning Officer,$1 mil to less than $5 mi,862100,Professional Membership Organizations
Microsoft Corporation,1 Microsoft Way,Redmond,WA,98052-8300,King,http://www.microsoft.com,Maria Aguirre,Finance Hiring Manager-Nshmba,$1 bil and above,737200,Prepackaged Software
Microsoft Corporation,1 Microsoft Way,Redmond,WA,98052,King,http://www.microsoft.com,Shawn Murphy,Program Manager,$1 bil and above,737200,Prepackaged Software
Skagit Valley Hospital,1415 E. Kincaid Street,Mount Vernon,WA,98273,Skagit,http://www.skagitvalleyhospital.org,Lori Harlow,Chief Operating Officer,$100 mil to less than $25,806200,General Medical and Surgical Hospitals
Kadlec Medical Center,888 Swift Blvd.,Richland,WA,99352-3514,Benton,http://www.kadlecmed.org,Dave Roach,Vice President IS & CIO,$250 mil to less than $50,806200,General Medical and Surgical Hospitals
WASHINGTON STATE PUBLIC HEALTH ASSOCIATION INC,411 FORTUYN RD,Grand Coulee,WA,99133-8718,Grant,http://www.wspha.org,Debbie Bigelow,Chief Information Officer,Less than $1 mil,839900,"Social Services, NEC"
Snoqualmie Valley Hospital,9575 ETHAN WADE WAY SE,Snoqualmie,WA,98065-9577,King,http://www.snoqualmiehospital.org,Bryce Richert,Information Systems Manager,$10 mil to less than $25,806200,General Medical and Surgical Hospitals
Washington State Association of Student Employment Administrators,2600 N 20TH AVE,Pasco,WA,99301-3379,Franklin,http://www.wsasea.org,Martin Valadez,Vice President for Diversity and Outreach and Administration,,944100,"Administration of Social, Human Resource and Income Maintenance Programs"
Association of Washington Public Hospital Districts,36 Klondike Road,Republic,WA,99166-9701,Ferry,http://www.awphd.org,Ron O'Halloran,Administrator & Chief Executive Officer,,943100,Administration of Public Health Programs
Jamco America Inc,1018 80Th St SW,Everett,WA,98203,Snohomish,http://www.jamco-america.com,Teri Reynolds,"Manager, Training And Development",$50 mil to less than $100,372800,"Aircraft Parts and Auxiliary Equipment, NEC"
Gene Juarez Academy,3326 160th Ave SE Ste 400,Bellevue,WA,98008-6418,King,http://www.genejuarez.com,Roxanne Tisdale,Director of Design,$50 mil to less than $100,723100,Beauty Shops
Luke Manufacturing Inc,4700 56th Pl NE,Marysville,WA,98270,Snohomish,http://www.lukemfg.com,Merri Lukasunis,Cpa,$1 mil to less than $5 mi,372800,"Aircraft Parts and Auxiliary Equipment, NEC"
Exotic Metals Forming Company,5411 S 226th St,Kent,WA,98032,King,,Terry Osthus,Cpa,$10 mil to less than $25,372800,"Aircraft Parts and Auxiliary Equipment, NEC"
Hoya Vision Care,2330 S 78TH ST,Tacoma,WA,98409-9051,Pierce,http://www.hoyavision.com,Ray Knoll,Cpa,,385100,Ophthalmic Goods
Hollister-Stier Laboratories LLC,3525 N Regal St,Spokane,WA,99207,Spokane,http://www.hollisterstier.com,Jeffrey Milligan,Data Processing; Engineering; Management; Val-Director Engineer And Val; Vice President,$25 mil to less than $50,283400,Pharmaceutical Preparations
"T-Mobile USA, Inc.",12920 SE 38Th St,Bellevue,WA,98006,King,http://www.www-t-mobile.com,Bill Galicia,Corporate Strategy,$1 bil and above,481200,Radiotelephone Communications
Global Fia,684 6th Avenue FI,Fox Island,WA,98333-9693,Pierce,http://www.globalfia.com,Duane Wolcott,Chief Technology Officer,Less than $1 mil,382300,"Industrial Instruments for Measurement, Display, and Control of Process Variables; and Related Products"
Stellar Industrial Supply,711 E 11Th St,Tacoma,WA,98421-2403,Pierce,http://www.stellarindustrial.com,David Anderson,Spokane Lead Customer Service Representative To The Position Of Branch Manager,$25 mil to less than $50,508500,Industrial Supplies
Darigold Inc,PO BOX 79007,Seattle,WA,98119-7907,King,http://www.darigold.com,John Wells,Chief Financial Officer,$1 bil and above,202300,"Dry, Condensed, and Evaporated Dairy Products"
Eagle Tire & Automotive,1515 S 344TH ST,FEDERAL WAY,WA,98003,King,http://www.eagletire.com,John Kurosky,Owner,,753800,General Automotive Repair Shops
Sage Marketing,1312 N 16TH AVE,Yakima,WA,98902-1354,Yakima,http://www.sagefruit.com,Chuck Sinks,President of Sales and Marketing,$1 mil to less than $5 mi,514800,Fresh Fruits and Vegetables
Nordstrom Inc,1700 7th Ave Ste 1400,Seattle,WA,98101-4419,King,http://www.shop.nordstrom.com,Jill Wise,Human Resources Director,$1 bil and above,565100,Family Clothing Stores
Nordstrom Inc,1617 Sixth Avenue 6th Floor,Seattle,WA,98101,King,http://www.shop.nordstrom.com,Alison Burckhardt,Marketing Manager,$1 bil and above,565100,Family Clothing Stores
Econo Travel Agency Inc,1904 3rd Ave Ste 900,Seattle,WA,98101-3312,King,http://www.econo-travel.com,Stephen McGillivray,Chief Marketing Officer,Less than $1 mil,472400,Travel Agencies
Microsoft Corporation,1 Microsoft Way,Redmond,WA,98052-6399,King,http://www.microsoft.com,Angela Jones,"General Manager, QBE-Human Resources, LCA and Finance EX",$1 bil and above,737200,Prepackaged Software
California Closets Company Inc,1014 116th Ave Ne,Bellevue,WA,98004-4610,King,http://www.calclosets.com,Jeff Lunsford,Owner,$10 mil to less than $25,502300,Home Furnishings
REI,6750 S. 228th St.,Kent,WA,98032-0000,King,http://www.rei.com,Cheryl Scott,Marketing Manager,,594100,Sporting Goods Stores and Bicycle Shops
Nordstrom Inc,1617 6th Ave,Seattle,WA,98101-1742,King,http://www.shop.nordstrom.com,Laura Schmucker,National Marketing Manager,$1 bil and above,565100,Family Clothing Stores
Nordstrom Inc,1700 7TH AVE STE 300,Seattle,WA,98101-4407,King,http://www.shop.nordstrom.com,Mistelle Taylor,Online Marketing Manager,$1 bil and above,565100,Family Clothing Stores
Microsoft Corporation,1 MICROSOFT WAY,REDMOND,WA,98052-8300,King,http://www.microsoft.com,Steve Minor,Senior Program Manager,$1 bil and above,737200,Prepackaged Software
"T-Mobile USA, Inc.",12920 SE 38Th St,Bellevue,WA,98006-1350,King,http://www.www-t-mobile.com,Kristy Mattson,"Senior Manager, eCommerce Marketing",$1 bil and above,481200,Radiotelephone Communications
"T-Mobile USA, Inc.",12920 SE 38Th St,Bellevue,WA,98006-1350,King,http://www.www-t-mobile.com,Timi Mafua,Online Marketing Manager Acquisition,$1 bil and above,481200,Radiotelephone Communications
"Expedia, Inc.",3150 139th Ave. SEBldg. 4 Suite 100,Bellevue,WA,98005,King,http://www.expedia.com,Ryan Sousa,"General Manager, Data Warehouse",$1 bil and above,472400,Travel Agencies
Electroimpact Inc,4606 107th St Sw,Mukilteo,WA,98275,Snohomish,http://www.electroimpact.com,Max Kuhlman,Chief Engineer,,354200,"Machine Tools, Metal Forming Type"
Electroimpact Inc,4606 107th St Sw,Mukilteo,WA,98275,Snohomish,http://www.electroimpact.com,Jim Ellis,Chief Engineer,,354200,"Machine Tools, Metal Forming Type"
Nikkei Concerns,1601 E. Yesler Way,Seattle,WA,98122,King,,Jeffrey Hattori,Chief Executive Officer,,805100,Skilled Nursing Care Facilities
NBBJ,223 Yale Avenue N,Seattle,WA,98109,King,http://www.nbbj.com,Kristie Grange,Chief Information Officer,$25 mil to less than $50,871200,Architectural Services
Microsoft Corporation,One Microsoft Way,Redmond,WA,98052,King,http://www.microsoft.com,Theresa de la Osa,Recruiter,$1 bil and above,737200,Prepackaged Software
Microsoft Corporation,1 Microsoft Way,Redmond,WA,98052,King,http://www.microsoft.com,Daniel Whitney,Staffing Lead-Central Marketing Group,$1 bil and above,737200,Prepackaged Software
Lopez Island Chamber of Commerce,50 DUCK SOUP LN,FRIDAY HARBOR,WA,98250,San Juan,http://www.lopezisland.com,Gretchen Allison,Owner,Less than $1 mil,209900,"Food Preparations, NEC"
Lopez Island Chamber of Commerce,PO BOX 2115,FRIDAY HARBOR,WA,98250,San Juan,http://www.lopezisland.com,William Cobos,Owner,Less than $1 mil,209900,"Food Preparations, NEC"
Odelia Pacific Properties Inc,117 N MISSION ST,WENATCHEE,WA,98801-2228,Chelan,http://www.odeliapacific.com,Danielle Jack,Owner,Less than $1 mil,653100,Real Estate Agents and Managers
Alliance of Technology and Women,21732 NE 138TH ST,WOODINVILLE,WA,98077,King,http://www.atwinternational.org,Eric Reese,Owner,Less than $1 mil,738900,"Business Services, NEC"
Lopez Island Chamber of Commerce,PO BOX 1232,FRIDAY HARBOR,WA,98250,San Juan,http://www.lopezisland.com,Laura Arnold,Owner,Less than $1 mil,209900,"Food Preparations, NEC"
Alliance of Technology and Women,6340 EVERSON GOSHEN RD,EVERSON,WA,98247,Whatcom,http://www.atwinternational.org,Spencer Ahrens,Owner,Less than $1 mil,738900,"Business Services, NEC"
Whidbey Island Writers Association,5061 HONEYMOON BAY RD,FREELAND,WA,98249,Island,http://www.writeonwhidbey.org,Helen Kamps,Owner,Less than $1 mil,78300,Ornamental Shrub and Tree Services
Washington State Association of Student Employment Administrators,3307 THIRD AVENUE WEST,SEATTLE,WA,98119,King,http://www.wsasea.org,Christine Chaney,Associate Professor,,944100,"Administration of Social, Human Resource and Income Maintenance Programs"
Bellevue Downtown Association,27 SOUTH MCDONALD ROAD,SPOKANE VALLEY,WA,99216,Spokane,http://www.bellevuedowntown.org,Ivor Parkes,Property Manager,$1 mil to less than $5 mi,874200,Management Consulting Services
Kuhlmann Financial Services,100 Vinehill Dr,Walla Walla,WA,99362-8647,Walla Walla,http://www.pocketinet.com,William Jordan,Owner,Less than $1 mil,872100,"Accounting, Auditing, and Bookkeeping Services"
"Wyckoff Farms, Inc.",160602 WEST EVANS ROAD,GRANDVIEW,WA,98930,Yakima,http://www.wyckoff-farms.com,Dave Wyckoff,Owner,,19100,"General Farms, Primarily Crop"
Foss Maritime Company,660 W EWING ST,Seattle,WA,98119-1529,King,http://www.foss.com,Craig Campbell,CIO,$250 mil to less than $50,441200,Deep Sea Foreign Transportation of Freight
Symetra Financial,777 108th Ave NE Ste 1200,Bellevue,WA,98004-5135,King,http://www.symetra.com,Bridgette Takeuchi,"Director, Internal Audit",$1 bil and above,631100,Life Insurance
Symetra Financial,777 108TH AVE NE STE 1200,Bellevue,WA,98004-5135,King,http://www.symetra.com,Kathryn Riley,"Director, Creative Services",$1 bil and above,631100,Life Insurance
Zones Inc,1102 15TH ST SW STE 102,Auburn,WA,98001-6524,King,http://www.zones.com,Dallas Burnworth,Vice President Sales,$250 mil to less than $50,596100,Catalog and Mail-Order Houses
"Trans-System, Inc.",7405 S. Hayford Rd.,Cheney,WA,99004,Spokane,http://www.trans-system.com,Gary King,Technology Manager,$100 mil to less than $25,421300,"Trucking, Except Local"
Microsoft Corporation,One Microsoft Way,Redmond,WA,98052-7329,King,http://www.microsoft.com,Michael Alcock,Director of Content Comm and Evangelism-Information Technology Strategic,$1 bil and above,737200,Prepackaged Software
Microsoft Corporation,One Microsoft Way,Redmond,WA,98052-7329,King,http://www.microsoft.com,Scott Woodgate,"Director, Windows Product Management",$1 bil and above,737200,Prepackaged Software
Basecamp Communications,108 S. Washington Street,Seattle,WA,98104,King,,Eric Knudson,Creative Director,Less than $1 mil,731100,Advertising Agencies
Jefferson Healthcare,834 Sheridan St,Port Townsend,WA,98368,Jefferson,http://www.jeffersonhealthcare.org,Kelly Oconnell,Physician - Dental,$50 mil to less than $100,806200,General Medical and Surgical Hospitals
Bassett Furniture Direct,2233 BEL RED RD,Redmond,WA,98052-5512,King,,Todd Copitzky,Manager,$1 mil to less than $5 mi,571200,Furniture Stores
"Smith, Phillips & DiPietro",1440 N 16th Ave,Yakima,WA,98902-1381,Yakima,,Rob Phillips,"Partner, Account Manager and Creative Director",Less than $1 mil,731100,Advertising Agencies
Lopez Island Chamber of Commerce,331 RIDGEDALE RD,FRIDAY HARBOR,WA,98250,San Juan,http://www.lopezisland.com,Kathy Dent,Owner,Less than $1 mil,209900,"Food Preparations, NEC"
Wright Runstad & Company,1201 THIRD AVENUE SUITE 2700,SEATTLE,WA,98101,King,http://www.wrightrunstad.com,Linda Hulet,Assistant Property Manager,$10 mil to less than $25,655200,"Land Subdividers and Developers, Except Cemeteries"
Medical Rehabilitation Consultants Inc,111 WEST CATALDO,SPOKANE,WA,99201,Spokane,http://www.medrehabconsultants.com,Tiffany Kavanaugh,Nurse Consultant,$1 mil to less than $5 mi,874200,Management Consulting Services
LexisNexis Company,200 112TH AVE NE STE 210,Bellevue,WA,98004-5812,King,http://www.lexisnexis.com,Keith Moore,Director-Information Technology,,737500,Information Retrieval Services
Oak Harbor Freight Lines Inc,1225 37TH ST NW,Auburn,WA,98001-2417,King,http://www.oakh.com,Julie Brown,Information Systems Manager,$50 mil to less than $100,421300,"Trucking, Except Local"
Spacelabs Healthcare Inc,5150 220TH AVE SE,Issaquah,WA,98029,King,http://www.spacelabshealthcare.com,Katherine Stankus,"Director, Strategic Marketing",$100 mil to less than $25,384100,Surgical and Medical Instruments and Apparatus
Weyerhaeuser Company,PO Box 9777,Federal Way,WA,98063-9777,King,http://www.weyerhaeuser.com,Beth Cassens,Controller,$1 bil and above,81100,Timber Tracts
Good Samaritan Hospital,315 Martin Luther King Junior Way,Tacoma,WA,98405-4234,Pierce,http://www.goodsamaritan.chsli.org,Anna Loomis,"Director, Finance",$250 mil to less than $50,806200,General Medical and Surgical Hospitals
Marriott International Inc,31910 GATEWAY CENTER BLVD S,Federal Way,WA,98003-5638,King,http://www.marriott.com,Heidi Boren,Training Manager,$1 bil and above,701100,Hotels and Motels
Marriott International Inc,7575 164TH AVE NE,Redmond,WA,98052-7807,King,http://www.marriott.com,Kimberly Hancher,Trainer,$1 bil and above,701100,Hotels and Motels
Microsoft Corporation,1 Microsoft Way,Redmond,WA,98052-8300,King,http://www.microsoft.com,Brian Labree,Product Manager,$1 bil and above,737200,Prepackaged Software
Microsoft Corporation,One Microsoft Way,Redmond,WA,98052,King,http://www.microsoft.com,Shannon Callies,Senior Product Manager,$1 bil and above,737200,Prepackaged Software
Atlas DMT,315 5th Ave South,Seattle,WA,98104,King,http://www.atlasdmt.com,Geoffrey Coco,Product Manager,,999900,Nonclassifiable Establishments
City of Seattle,700 5th Ave Ste 3300,Seattle,WA,98104-5031,King,http://www.cityofseattle.net,Shawn Luo,Senior Electrical Engineer,$10 mil to less than $25,911100,Executive Offices
Microsoft Corporation,One Microsoft Way,Redmond,WA,98052-7329,King,http://www.microsoft.com,David Gruehn,Industry Manager-Retail and Hospitality,$1 bil and above,737200,Prepackaged Software
Microsoft Corporation,1 Microsoft Way,Redmond,WA,98052-8300,King,http://www.microsoft.com,Dmitry Risukhin,Program Manager,$1 bil and above,737200,Prepackaged Software
Microsoft Corporation,One Microsoft Way,Redmond,WA,98052,King,http://www.microsoft.com,James Lee,Senior Program Manager,$1 bil and above,737200,Prepackaged Software
Kadlec Medical Center,888 SWIFT BOULEVARD,RICHLAND,WA,99352,Benton,http://www.kadlecmed.org,Bill Wingo,"Vice President, Corporate Counsel - Kadlec Regional Medical Center",$250 mil to less than $50,806200,General Medical and Surgical Hospitals
Washington State Business,PO BOX 42525,Olympia,WA,98504-2525,Thurston,http://www.choosewashington.com,Leonard Bauer,Managing Director,,953100,Administration of Housing Programs
Key Technology Inc,150 AVERY ST,Walla Walla,WA,99362-1668,Walla Walla,http://www.key.net,Bill Davis,Director-Customer Service,$100 mil to less than $25,355600,Food Products Machinery
Nordstrom Inc,1700 SEVENTH AVENUE,SEATTLE,WA,98101,King,http://www.shop.nordstrom.com,Turner Seline,Assistant Manager,$1 bil and above,565100,Family Clothing Stores
Nordstrom Inc,1700 SEVENTH AVENUE,SEATTLE,WA,98101,King,http://www.shop.nordstrom.com,Stephanie Edmunds,Fashion Place Store Manager,$1 bil and above,565100,Family Clothing Stores
Washington Animal Disease Diagnostic Laboratory,Bustad Hall,Pullman,WA,99164-7010,Whitman,http://www.vetmed.wsu.edu,Niles Reichart,IS Coordinator,,807100,Medical Laboratories
Providence Health System,1321 Colby Ave,Everett,WA,98201,Snohomish,http://www.providence.org,Elizabeth Pacely,Manager,$1 bil and above,806200,General Medical and Surgical Hospitals
United General Hospital,2000 Hospital Dr,Sedro Woolley,WA,98284,Skagit,http://www.unitedgeneral.org,Mike Bonthius,Chief Financial Officer,$10 mil to less than $25,806200,General Medical and Surgical Hospitals
IOACTIVE Inc,701 5TH AVE STE 6850,Seattle,WA,98104-7029,King,http://www.ioactive.com,Wade Winright,Manager,$1 mil to less than $5 mi,738200,Security Systems Services
Jefferson Healthcare,834 Sheridan St,Port Townsend,WA,98368,Jefferson,http://www.jeffersonhealthcare.org,Jim Skannes,Facility / Plant Manager,$50 mil to less than $100,806200,General Medical and Surgical Hospitals
Okanogan Douglas District Hospital,Po Box 577,Brewster,WA,98812,Okanogan,http://www.oddh.org,Ken Peters,Facility / Plant Manager,$25 mil to less than $50,806200,General Medical and Surgical Hospitals
Olympic Medical Center,939 Caroline St,Port Angeles,WA,98362,Clallam,http://www.olympicmedical.org,Scott Bower,Facility / Plant Manager,$100 mil to less than $25,806200,General Medical and Surgical Hospitals
U-Haul Co,631 OKOMA DRIVE,OMAK,WA,98841,Okanogan,http://www.uhaul.com,Mary Raab,Owner,$1 bil and above,751300,"Truck Rental and Leasing, Without Drivers"
American Red Cross Mount Rainier Chapter,1817 S MARKET BLVD STE F,CHEHALIS,WA,98532-4100,Lewis,http://www.rainier-redcross.org,Michelle Fries,Executive Director,,864100,"Civic, Social, and Fraternal Associations"
Liberty Mutual Inc,4601 Ne 77th Ave Ste 250,Vancouver,WA,98662,Clark,http://www.libertymutual.com,Michael Johnson,Corporate Counsel / Legal,$1 bil and above,633100,"Fire, Marine, and Casualty Insurance"
Nordstrom Inc,1617 6TH AVE,Seattle,WA,98101-1707,King,http://www.shop.nordstrom.com,Mark Griffin,Director of Information Technology,$1 bil and above,565100,Family Clothing Stores
ConAgra Foods Inc.,8701 W GAGE BLVD,Kennewick,WA,99336-1034,Benton,http://www.conagrafoods.com,Dave Sanford,"Vice President, Human Resources",$1 bil and above,209900,"Food Preparations, NEC"
Seattle Cancer Care Alliance,825 Eastlake Ave E,Seattle,WA,98109,King,http://www.seattlecca.org,Dave Ackerson,Chief Information Officer,$100 mil to less than $25,806200,General Medical and Surgical Hospitals
Microsoft Corporation,1 Microsoft Way,Redmond,WA,98052,King,http://www.microsoft.com,Anthony Scott,Chief Information Officer,$1 bil and above,737200,Prepackaged Software
"T-Mobile USA, Inc.",12920 SE 38Th St,Bellevue,WA,98006,King,http://www.www-t-mobile.com,Devin Smith,"Senior Manager, Communications",$1 bil and above,481200,Radiotelephone Communications
Microsoft Corporation,1 Microsoft Way,Redmond,WA,98052-8300,King,http://www.microsoft.com,Frank Bruno,Senior Product Manager,$1 bil and above,737200,Prepackaged Software
Nordstrom Inc,1220 Howell St,Seattle,WA,98101-1469,King,http://www.shop.nordstrom.com,Eric Christensen,Project Manager,$1 bil and above,565100,Family Clothing Stores
Merrill Gardens LLC,1938 FAIRVIEW AVENUE E STE 300,SEATTLE,WA,98102,King,http://www.merrillgardens.com,Charles Wright,Director,,653100,Real Estate Agents and Managers
Ribbond Inc.,1402 3RD AVE,SEATTLE,WA,98101,King,,David Rudo,Owner,Less than $1 mil,384300,Dental Equipment and Supplies
Cascade Family Medicine Ps,406 SE 131ST AVE,VANCOUVER,WA,98683,Clark,,Little Foltz,Owner,Less than $1 mil,737200,Prepackaged Software
Pacific Northwest National Laboratory,PO BOX 999,Richland,WA,99352-0999,Benton,http://www.pnl.gov,Ranata Johnson,Product Manager,$1 mil to less than $5 mi,152100,General Contractors-Single-Family Houses
Saturna Capital Corporation,1300 N State St,Bellingham,WA,98225-4730,Whatcom,http://www.saturna.com,Jim Gibson,Chief Financial Officer,$10 mil to less than $25,628200,Investment Advice
JH Kelly LLC,PO BOX 2038,Longview,WA,98632-8171,Cowlitz,http://www.jhkelly.com,Kevin Farley,"CIO, IT Directors",$100 mil to less than $25,171100,"Plumbing, Heating, and Air-Conditioning"
Northwest Pipe Company,5721 SE Columbia Way Ste 200,Vancouver,WA,98661-5991,Clark,http://www.nwpipe.com,Max Beach,Director of Logistics,$250 mil to less than $50,331700,Steel Pipe and Tubes
Weyerhaeuser Company,33663 Weyerhaeuser Way South,Federal Way,WA,98063-9777,King,http://www.weyerhaeuser.com,Jorge Cortes,Market Director-Cellulose Fibers,$1 bil and above,81100,Timber Tracts
Washington State Health Information Management Association,800 W 5TH AVE,Spokane,WA,99204-2803,Spokane,http://www.wshima.org,Fred Galusha,Chief Information Officer,Less than $1 mil,809900,"Health and Allied Services, NEC"
Weyerhaeuser Company,33663 Weyerhaeuser Way South,Federal Way,WA,98063-9777,King,http://www.weyerhaeuser.com,Brian Smith,Director of Sales and Product Development,$1 bil and above,81100,Timber Tracts
Foxfire Inc,301 CREEK ST NE,Yelm,WA,98597-8747,Thurston,,James Larson,President,,513600,Men's and Boys' Clothing and Furnishings
"TW Transport, Inc.",7405 South Hayford Road,Cheney,WA,99004-9633,Spokane,,James Williams,President,$100 mil to less than $25,421300,"Trucking, Except Local"
Richards Merrill & Peterson,422 W Riverside Ave # 1skywalk-,Spokane,WA,99201,Spokane,,Steve Larson,President,$1 mil to less than $5 mi,628200,Investment Advice
Weyerhaeuser Company,33663 Weyerhaeuser Way South,Federal Way,WA,98003,King,http://www.weyerhaeuser.com,Richard Wininger,"Vice President, Western Timberlands",$1 bil and above,81100,Timber Tracts
PACIFIC FIRST COMPUTERS,5211 SUNSET DR,YAKIMA,WA,98901-1656,Yakima,,Julie Valdez,Owner,$1 mil to less than $5 mi,504500,Computers and Computer Peripheral Equipment and Software
Dendreon Corporation,3005 1ST AVE,Seattle,WA,98121-1010,King,http://www.dendreon.com,David Urdal,Senior Vice President / Chief Sales Officer,Less than $1 mil,283400,Pharmaceutical Preparations
Microsoft Corporation,1 Microsoft Way,Redmond,WA,98052-8300,King,http://www.microsoft.com,Amy Hughes,Senior Program Manager law and Corporate Affairs Information Technology,$1 bil and above,737200,Prepackaged Software
1 Dvr Cctv,23416 Highway 99 # C,Edmonds,WA,98026-9328,Snohomish,,John Ha,Owner,Less than $1 mil,737300,Computer Integrated Systems Design
Microsoft Corporation,1 Microsoft Way,Redmond,WA,98052-8300,King,http://www.microsoft.com,Mahadevan Thangaraju,Chief Information Officer,$1 bil and above,737200,Prepackaged Software
Mcnamara Industries Incorporated,1432 ELLIOTT AVE W,Seattle,WA,98119-3124,King,http://www.mcnamarasigns.com,Mike McNamara,Vice President of Human Resources,Less than $1 mil,399300,Signs and Advertising Specialties
ZAAZ inc,414 Olive Way,Seattle,WA,98101-3315,King,http://www.zaaz.com,Shane Atchison,"Chief Executive Officer, Sales Executive",$5 mil to less than $10 m,737300,Computer Integrated Systems Design
Washington State Hospital Association,1175 CARONDELET DR,Richland,WA,99354-3300,Benton,,Melanie Johnston,Marketing Executive,,921100,Courts
Acw Solutions,665 N Riverpoint Blvd,Spokane,WA,99202-1648,Spokane,http://www.acwsolutions.com,Damian Schwarz,Chief Information Officer,Less than $1 mil,737300,Computer Integrated Systems Design
Nordstrom Inc,1617 6th Ave,Seattle,WA,98101-1742,King,http://www.shop.nordstrom.com,Berengaria Winkler,Information Technology Quality Assurance Executive,$1 bil and above,565100,Family Clothing Stores
KK GRAPHICS,PO BOX 878,Carlsborg,WA,98324-0878,Clallam,,Katy Wall,Owner,$1 mil to less than $5 mi,275200,"Commercial Printing, Lithographic"
Covington Water District,18631 SE 300TH PL,KENT,WA,98042-9208,King,http://www.covingtonwater.com,Ben Hennebert,Design Engineer,$5 mil to less than $10 m,494100,Water Supply
Holland America Line Inc,300 Elliott Ave. West,Seattle,WA,98119,King,http://www.hollandamerica.com,Eva Anderson,"Vice President and CIO, Information Services",$100 mil to less than $25,472500,Tour Operators
Flow International Corp,PO BOX 97040,Kent,WA,98064-9740,King,http://www.flowautomationcorp.com,Tina West,"CIO, IT Directors",$100 mil to less than $25,356100,Pumps and Pumping Equipment
Electric League of the Pacific Northwest,2450 8th Ave. South Ste. 200,Seattle,WA,98134,King,http://www.electricleague.net,Barb Carver,Director Charitable Giving,Less than $1 mil,861100,Business Associations
Microsoft Corporation,One Microsoft Way,Redmond,WA,98052-7329,King,http://www.microsoft.com,Andy Clarke,Senior Product Manager Finance Delivery Solution,$1 bil and above,737200,Prepackaged Software
Microsoft Corporation,One Microsoft Way,Redmond,WA,98052-7329,King,http://www.microsoft.com,Sandeep Misra,Incentive Compensation Manager,$1 bil and above,737200,Prepackaged Software
Microsoft Corporation,One Microsoft Way,Redmond,WA,98052-7329,King,http://www.microsoft.com,Nicole Von Kaenel,Director Channel Marketing / Product Marketing,$1 bil and above,737200,Prepackaged Software
Symetra Financial,5069 154TH PL NE,Redmond,WA,98052-9669,King,http://www.symetra.com,John Warren,Vice President Marketing,$1 bil and above,631100,Life Insurance
Color Press Inc.,1425 W ROSE ST,Walla Walla,WA,99362-1645,Walla Walla,http://www.colorpress.com,Larry Johnston,President,,275400,"Commercial Printing, Gravure"
Brick Tudor Studios,601 Union St,Seattle,WA,98101-2341,King,http://www.bricktudor.com,Eric Guttormsen,Owner,Less than $1 mil,733600,Commercial Art and Graphic Design
Arizona State University,4518 Univ Way Ne Ste 300,Seattle,WA,98185,King,http://www.asu.edu,Richard Ellings,"Information Technology, Director",$1 bil and above,822100,"Colleges, Universities, and Professional Schools"
Microsoft Corporation,One Microsoft Way,Redmond,WA,98052-7329,King,http://www.microsoft.com,Kevin Keith,Senior Director Market Research and Insights,$1 bil and above,737200,Prepackaged Software
"Saxton Bradley, Inc.",304 AVENUE A,Snohomish,WA,98290-2837,Snohomish,http://www.saxtonbradley.com,Raymond Near,President and Chief Executive Officer,,502100,Furniture
Nordstrom Inc,1617 Sixth Avenue 6th Floor,Seattle,WA,98101,King,http://www.shop.nordstrom.com,Steve Kesinger,Vice President of Procurement,$1 bil and above,565100,Family Clothing Stores
City of Seattle,700 5Th Ave Suite 2000 P.O. Box 34019,Seattle,WA,98124,King,http://www.cityofseattle.net,Nate Eckstine,Web Engineer,$10 mil to less than $25,911100,Executive Offices
City of Seattle,PO BOX 34019,Seattle,WA,98124-4019,King,http://www.cityofseattle.net,Neil Berry,"GIS Web Developer, My Neighborhood Map",$10 mil to less than $25,911100,Executive Offices
North Cascades National Bank,220 Johnson Avenue PO Box 1648,Chelan,WA,98816,Chelan,http://www.ncnbank.com,Michele Bird,"Senior Vice President, Chief Financial Officer",$10 mil to less than $25,602100,National Commercial Banks
Darigold Inc,PO Box 79007,Seattle,WA,98119-7907,King,http://www.darigold.com,Philip Conrod,CIO,$1 bil and above,202300,"Dry, Condensed, and Evaporated Dairy Products"
"Eddie Bauer, Inc.",15010 NE 36TH ST,Redmond,WA,98052,King,http://www.eddiebauer.com,Marvin Toland,Chief Financial Officer Senior Vice President,$1 bil and above,561100,Men's and Boys' Clothing and Accessory Stores
Zones Inc,1102 15th St SW Ste 102,Auburn,WA,98001-6524,King,http://www.zones.com,Robert McGowen,"Vice President, Strategic & Channel Marketing",$250 mil to less than $50,596100,Catalog and Mail-Order Houses
City of Seattle,700 5th Ave Ste 3300,Seattle,WA,98104-5040,King,http://www.cityofseattle.net,Gary Gibson,Community Technology Director,$10 mil to less than $25,911100,Executive Offices
KPLU,INFORMATION RESOURCES,Tacoma,WA,98447-0001,Pierce,http://www.kplu.org,David Allen,Assistant Director Network and Communications Systems,$50 mil to less than $100,483200,Radio Broadcasting Stations
Schweitzer Engineering Laboratories Inc,2440 NE HOPKINS CT,Pullman,WA,99163-5616,Whitman,http://www.selinc.com,Dan Vollmer,Chief Information Officer,$50 mil to less than $100,382500,Instruments for Measuring and Testing of Electricity and Electrical Signals
Weyerhaeuser Company,33663 WEYERHAEUSER WAY S,Federal Way,WA,98001-9620,King,http://www.weyerhaeuser.com,Tim Vader,Team Leader-Information Technology Security,$1 bil and above,81100,Timber Tracts
Swedish Medical Center,747 BROADWAY,Seattle,WA,98122-4379,King,http://www.swedish.org,Tracy Howes,"Information Security Officer, Information Services",$1 bil and above,806200,General Medical and Surgical Hospitals
Nordstrom Inc,1617 Sixth Avenue,Seattle,WA,98101,King,http://www.shop.nordstrom.com,Sam Hogenson,Director IT,$1 bil and above,565100,Family Clothing Stores
Weyerhaeuser Company,33663 WEYERHAEUSER WAY S,Federal Way,WA,98001-9620,King,http://www.weyerhaeuser.com,Linda Colwell,Legal Counsel,$1 bil and above,81100,Timber Tracts
City of Seattle,700 5Th Ave Suite 2000 P.O. Box 34019,Seattle,WA,98124,King,http://www.cityofseattle.net,Laurie Bullock,Web Manager,$10 mil to less than $25,911100,Executive Offices
Bankers' Association for Finance and Trade,1120 Connecticut Ave. NW,Washington,WA,20036,,http://www.baft.org,Carrie Heiman,Information Technology Associate Director,Less than $1 mil,874800,"Business Consulting Services, NEC"
Getty Images Inc,601 N. 34th St.,Seattle,WA,98103,King,http://www.gettyimages.com,Jeff Dunn,Chief Financial Officer and Senior Vice President,,733500,Commercial Photography
Nordstrom Inc,1700 - 7th Avenue,Seattle,WA,98101,King,http://www.shop.nordstrom.com,Sheryl Garland,"Director of Business Litigation & Counsel, Legal A",$1 bil and above,565100,Family Clothing Stores
Fluor Corporation,1200 Jadwin Ave,Richland,WA,99352,Benton,http://www.fluor.com,John Droddy,Information Systems Manager,$1 bil and above,871100,Engineering Services
City of Seattle,700 5th Ave,Seattle,WA,98104-5058,King,http://www.cityofseattle.net,Thomas Nolan,SPU Information Technology Deputy Director-GIS Director,$10 mil to less than $25,911100,Executive Offices
Oak Harbor Freight Lines Inc,1225 37TH ST NW,Auburn,WA,98001-2417,King,http://www.oakh.com,Randy Nye,Information Technology Manager,$50 mil to less than $100,421300,"Trucking, Except Local"
Providence Health System,2001 Lind Ave SW,Renton,WA,98057-3303,King,http://www.providence.org,Curt Kwak,WWA Chief Information Officer,$1 bil and above,806200,General Medical and Surgical Hospitals
Mama Nano's,1307 SPRUCE ST,LONGVIEW,WA,98632,Cowlitz,http://www.mamananos.com,Nancy Rogauskas,Owner,Less than $1 mil,209900,"Food Preparations, NEC"
SINGING HEART PRODUCTIONS,1240 W SIMS WAY,PORT TOWNSEND,WA,98368,Jefferson,,Shena Noll,Owner,Less than $1 mil,781200,Motion Picture and Video Tape Production
MySource Talent,320 DAYTON ST STE 108,Edmonds,WA,98020-3591,Snohomish,http://www.mysourcetalent.com,Teena Christel,Managing Director,$1 mil to less than $5 mi,874200,Management Consulting Services
H.B. Fuller Company,417 NW 136TH ST,Vancouver,WA,98685-2955,Clark,http://www.hbfuller.com,Andi Lemkes,"CIO, IT Directors",$1 bil and above,289100,Adhesives and Sealants
Northrop Grumman Corporation,500 25TH AVE S,Seattle,WA,98144-2327,King,http://www.northropgrumman.com,Len Grouns,"CIO, IT Directors",$1 bil and above,372800,"Aircraft Parts and Auxiliary Equipment, NEC"
City of Seattle,700 5th Ave,Seattle,WA,98104-5058,King,http://www.cityofseattle.net,Erin Devoto,Director of Information Technology,$10 mil to less than $25,911100,Executive Offices
Wyman-Gordon Company,1100 112th Ave. NE,Bellevue,WA,98004,King,http://www.wyman-gordon.com,Michael Brochu,"President, Chief Executive Officer, and Director",$500 mil to less than $1,346300,Nonferrous Forgings
WASHINGTON STATE PUBLIC HEALTH ASSOCIATION INC,908 10TH AVE SW,Quincy,WA,98848-1376,Grant,http://www.wspha.org,Ruth Dance,Director of Information Systems,Less than $1 mil,839900,"Social Services, NEC"
Intermec Inc.,6001 36th Avenue West,Everett,WA,98203-1264,Snohomish,http://www.intermec.com,Tom Glen,Director of Sales-Public Sector,$500 mil to less than $1,357700,"Computer Peripheral Equipment, NEC"
City of Seattle,700 5th Ave,Seattle,WA,98104-5058,King,http://www.cityofseattle.net,Michael Hamilton,Chief Information Security Officer,$10 mil to less than $25,911100,Executive Offices
IMCO General Construction Inc,4509 GUIDE MERIDIAN,Bellingham,WA,98226-9193,Whatcom,http://www.imco-inc.com,Frank Imhof,Founder / President / Chief Executive Officer,$50 mil to less than $100,154200,"General Contractors-Nonresidential Buildings, Other than Industrial Buildings and Warehouses"
Flow International Corp,23500 64th Avenue South,Kent,WA,98032,King,http://www.flowautomationcorp.com,Allen Hsieh,Vice President / Chief Financial Officer,$100 mil to less than $25,356100,Pumps and Pumping Equipment
City of Seattle,700 5TH AVE STE 2700,Seattle,WA,98104-5065,King,http://www.cityofseattle.net,Debra Schlenker,Technical Operations Director,$10 mil to less than $25,911100,Executive Offices
Skagit Valley Hospital,1415 E KINCAID ST,Mount Vernon,WA,98274-4126,Skagit,http://www.skagitvalleyhospital.org,Joyce Cardinal,Quality Assurance Director,$100 mil to less than $25,806200,General Medical and Surgical Hospitals
Flow International Corp,23500 64TH AVE S,Kent,WA,98032,King,http://www.flowautomationcorp.com,Martina Walker,"Director, IT Architecture & Engineering",$100 mil to less than $25,356100,Pumps and Pumping Equipment
Birds Eye Foods Inc,1150 Industry Dr N,Algona,WA,98001-6552,King,http://www.birdseyefoods.com,Steve Allshouse,Information Technology Manager,$500 mil to less than $1,203700,"Frozen Fruits, Fruit Juices, and Vegetables"
STATE OF WASHINGTON,2100 EVERGREEN PARK DR SW,Olympia,WA,98502-6032,Thurston,,James Mackison,Information Systems Manager,Less than $1 mil,679900,"Investors, NEC"
Washington Correctional Association,35 SETTLER ST,Steilacoom,WA,98388-2226,Pierce,http://www.wca2.org,Robert Rand,Information Technology Supervisor,,922300,Correctional Institutions
WASHINGTON STATE PUBLIC HEALTH ASSOCIATION INC,908 10th Ave SW,Quincy,WA,98848-1376,Grant,http://www.wspha.org,Newton Moats,Director of Purchasing Services,Less than $1 mil,839900,"Social Services, NEC"
Phoenix Protective Corp,2910 E 57TH AVE STE 5,Spokane,WA,99223-7028,Spokane,http://www.phoenixprotectivecorp.com,Sheila Leslie,President,,738200,Security Systems Services
"Universal Health Services, Inc.",202 N Division St,Auburn,WA,98001,King,http://www.uhsinc.com,Nancy Chang,Director,$1 bil and above,806200,General Medical and Surgical Hospitals
City of Seattle,4209 W MARGINAL WAY SW,Seattle,WA,98106-1211,King,http://www.cityofseattle.net,John Tomlinson,Head of Information Technology,$10 mil to less than $25,911100,Executive Offices
Swedish Medical Center,747 BROADWAY,Seattle,WA,98122-4379,King,http://www.swedish.org,Mike Criss,Infrastructure Engineering Manager,$1 bil and above,806200,General Medical and Surgical Hospitals
Howard S. Wright Construction Co.,501 Eastlake Ave. E Ste. 100,Seattle,WA,98109,King,http://www.hswcc.com,Jim Constance,"Chief Financial Officer, HSW Enterprises and Howard S. Wright Constructors",$250 mil to less than $50,154200,"General Contractors-Nonresidential Buildings, Other than Industrial Buildings and Warehouses"
Quantum Corp,11431 WILLOWS RD NE,Redmond,WA,98052-2501,King,http://www.quantum.com,Daniel Guiley,Director of MIS or IT,$500 mil to less than $1,357200,Computer Storage Devices
Nordstrom Inc,1617 6th Ave.,Seattle,WA,98101,King,http://www.shop.nordstrom.com,Robert Sari,"Executive Vice President, General Counsel and Corporate Secretary",$1 bil and above,565100,Family Clothing Stores
Nordstrom Inc,1617 6th Ave.,Seattle,WA,98101,King,http://www.shop.nordstrom.com,Alice Wong,Corporate Counsel,$1 bil and above,565100,Family Clothing Stores
Stanwood School District 401,9307 271ST ST NW,Stanwood,WA,98292-8072,Island,,Kevin Plambeck,Information Technology Director,,821100,Elementary and Secondary Schools
Isilon Systems Inc,3101 Western Avenue,Seattle,WA,98121,King,http://www.isilon.com,Chris Blessington,Senior Director of Marketing and Communications,$100 mil to less than $25,357200,Computer Storage Devices
Gene Juarez Academy,3326 160th Avenue SE Suite 400,Bellevue,WA,98008,King,http://www.genejuarez.com,Barry Matthews,Chief Financial Officer,$50 mil to less than $100,723100,Beauty Shops
WASHINGTON STATE PUBLIC HEALTH ASSOCIATION INC,601 W 1st Ave,Spokane,WA,99201,Spokane,http://www.wspha.org,Ruth Vance,Chief Information Officer,Less than $1 mil,839900,"Social Services, NEC"
REI,6750 South 228th Street,Kent,WA,98032,King,http://www.rei.com,Bill Baumann,Vice President of Information Technology,,594100,Sporting Goods Stores and Bicycle Shops
Anjou Bakery,3898 OLD MONITOR RD,Cashmere,WA,98815-9711,Chelan,,Heather Knight,Owner,Less than $1 mil,205100,"Bread and Other Bakery Products, Except Cookies and Crackers"
Flow International Corp,23500 - 64th Avenue South,Kent,WA,98032,King,http://www.flowautomationcorp.com,Mohamed Hashish,Senior Vice President-Technology,$100 mil to less than $25,356100,Pumps and Pumping Equipment
ARES Corporation,1100 Jadwin Ave Ste 400,Richland,WA,99352-3425,Benton,http://www.arescorporation.com,Michael Rowe,Director-Information Technology,$100 mil to less than $25,871100,Engineering Services
Nordstrom Inc,1617 Sixth Avenue 6th Floor,Seattle,WA,98101,King,http://www.shop.nordstrom.com,Janine Kral,Director of Risk Services,$1 bil and above,565100,Family Clothing Stores
Nordstrom Inc,1220 Howell St Ste 500,Seattle,WA,98101-1470,King,http://www.shop.nordstrom.com,Christopher Teufel,Vice President of Information Technology,$1 bil and above,565100,Family Clothing Stores
Zones Inc,1102 15th St SW,Auburn,WA,98001,King,http://www.zones.com,Lisa Stewart,Vice President Software,$250 mil to less than $50,596100,Catalog and Mail-Order Houses
Providence Health & Services,2001 Lind Ave SW Ste 180,Renton,WA,98057-3303,King,http://www.providence.org,Kevin Currie,Project Manager Network Engineering,,806200,General Medical and Surgical Hospitals
WASHINGTON STATE PUBLIC HEALTH ASSOCIATION INC,908 10TH AVE SW,Quincy,WA,98848-1376,Grant,http://www.wspha.org,Veronica Cruz,Radiology Administrative Director,Less than $1 mil,839900,"Social Services, NEC"
ITT Technical Institute,12720 GATEWAY DR S STE 100,Tukwila,WA,98168-3346,King,http://www.itt-tech.edu,Tiffany Witte,Finance Director,$1 bil and above,822200,Junior Colleges and Technical Institutes
Phoenix Protective Corp,223 W 2ND AVE,Spokane,WA,99201-3605,Spokane,http://www.phoenixprotectivecorp.com,Sheila Leslie,Manager,,738200,Security Systems Services
"WPI Real Estate Services, Inc.",9500 Roosevelt Way NE #100,Seattle,WA,98115,King,http://www.wpirealestate.com,Shigeharu Wu,Executive Vice President-Marketing,,651300,Operators of Apartment Buildings
"Expedia, Inc.",3150 139th Ave. SE,Bellevue,WA,98005,King,http://www.expedia.com,Todd West,Manager Executive Recruitment,$1 bil and above,472400,Travel Agencies
"Expedia, Inc.",333 108TH AVE SE,Bellevue,WA,98004-6208,King,http://www.expedia.com,Rachael Satherley,Human Resources Manager,$1 bil and above,472400,Travel Agencies
Snohomish County,3000 Rockefeller Ave,Everett,WA,98201-4046,Snohomish,,Larry Calter,Director of Information Technology,,911100,Executive Offices
Intermec Inc.,6001 36TH AVE W,Everett,WA,98203-1264,Snohomish,http://www.intermec.com,Tim Eusterman,"Senior Director, Industry Marketing",$500 mil to less than $1,357700,"Computer Peripheral Equipment, NEC"
Pullman Regional Hospital,835 SE BISHOP BLVD,Pullman,WA,99163-5512,Whitman,http://www.pullmanregional.org,Darin Porter,Director of Imaging Services,Less than $1 mil,806200,General Medical and Surgical Hospitals
Cascade Valley Hospital,330 S STILLAGUAMISH AVE,Arlington,WA,98223-1642,Snohomish,http://www.cascadevalley.org,Cindy Rodriguez,Quality Director,$25 mil to less than $50,806200,General Medical and Surgical Hospitals
"Ryan Snyder Associates, LLC",PO BOX 98,WENATCHEE,WA,98807-0098,Chelan,http://www.rsa.cc,John McGinnis,Network Administrator,Less than $1 mil,738900,"Business Services, NEC"
Nordstrom Inc,1700 7th Ave Ste 300,Seattle,WA,98101-4407,King,http://www.shop.nordstrom.com,Rick Engles,Director Information Technology Security,$1 bil and above,565100,Family Clothing Stores
DAVINCIS WORKSHOP LLC,18040 DES MOINES MEMORIAL DR,SEATAC,WA,98148-1941,King,http://www.davincis.org,Kurt Nordquist,"Owner, Human Resources Executive",Less than $1 mil,178100,Water Well Drilling
Dike Curtis Drummond,19244 NELSON RD,MOUNT VERNON,WA,98274-9099,Skagit,,Peg Drummond,Chief Executive Officer,Less than $1 mil,738900,"Business Services, NEC"
Providence Health System,506 2nd Ave Ste 1200Ste 1200,Seattle,WA,98104-2329,King,http://www.providence.org,Terry Powell,Business Office Manager,$1 bil and above,806200,General Medical and Surgical Hospitals
Providence Health System,506 2ND AVE STE 1200,Seattle,WA,98104-2329,King,http://www.providence.org,Toni Bolletio,Application Developer,$1 bil and above,806200,General Medical and Surgical Hospitals
Isilon Systems Inc,3101 WESTERN AVE,SEATTLE,WA,98121-3017,King,http://www.isilon.com,Eric Brodersen,Senior Vice President of Marketing and Business Development,$100 mil to less than $25,357200,Computer Storage Devices
REI,6750 S 228TH ST,Kent,WA,98032-4803,King,http://www.rei.com,James Osborne,"Director, IT",,594100,Sporting Goods Stores and Bicycle Shops
Microsoft Corporation,One Microsoft Way,Redmond,WA,98052-6399,King,http://www.microsoft.com,Scott Forsyth,Senior Attorney,$1 bil and above,737200,Prepackaged Software
"BlackRock, Inc.",601 Union St,Seattle,WA,98101,King,http://www.blackrock.com,Sherrey Luetjen,Managing Director & Associate General Counsel,$1 bil and above,628200,Investment Advice
Nordstrom Inc,1700 7th Ave,Seattle,WA,98101-4407,King,http://www.shop.nordstrom.com,Bergitta Trelstad,Senior General Counsel,$1 bil and above,565100,Family Clothing Stores
Nordstrom Inc,1700 7th Ave,Seattle,WA,98101-4407,King,http://www.shop.nordstrom.com,Barbara Barrilleaux,Litigation General Counsel,$1 bil and above,565100,Family Clothing Stores
Weyerhaeuser Company,33663 WEYERHAEUSER WAY S,Federal Way,WA,98001-9620,King,http://www.weyerhaeuser.com,Joe Jackowski,Senior Legal Counsel,$1 bil and above,81100,Timber Tracts
"Expedia, Inc.",333 108th Ave. NE,Bellevue,WA,98004,King,http://www.expedia.com,Angela Niemann,Senior Corporate Counsel,$1 bil and above,472400,Travel Agencies
"Expedia, Inc.",333 108th Ave. NE,Bellevue,WA,98004,King,http://www.expedia.com,Ronen Elad,Vice President Associate General Counsel,$1 bil and above,472400,Travel Agencies
"Expedia, Inc.",333 108th Ave. NE,Bellevue,WA,98004,King,http://www.expedia.com,Dan Zariski,Senior Corporate Counsel,$1 bil and above,472400,Travel Agencies
Intermec Inc.,6001 36TH AVE W,Everett,WA,98203-1264,Snohomish,http://www.intermec.com,Debbie Drez,"Director, IT Business",$500 mil to less than $1,357700,"Computer Peripheral Equipment, NEC"
City of Seattle,600 4th Ave.,Seattle,WA,98124,King,http://www.cityofseattle.net,Sonny Person,"Director, IT System Operations",$10 mil to less than $25,911100,Executive Offices
Intermec Inc.,6001 36TH AVE W,Everett,WA,98203-1264,Snohomish,http://www.intermec.com,Dennis McHaffie,"Vice President, Supply Chain Operations",$500 mil to less than $1,357700,"Computer Peripheral Equipment, NEC"
Cascade Medical Center,817 Commercial St,Leavenworth,WA,98826-1316,Chelan,http://www.cascademedicalcenter.org,Scott Mitchell,Director of Radiology,$5 mil to less than $10 m,806200,General Medical and Surgical Hospitals
Lopez Island Chamber of Commerce,PO BOX 1001,EASTSOUND,WA,98245,San Juan,http://www.lopezisland.com,Teri Williams,Owner,Less than $1 mil,209900,"Food Preparations, NEC"
KRL ENTERPRISES,100 LANDS END LN,PORT TOWNSEND,WA,98368,Jefferson,,Kenneth Long,Owner,Less than $1 mil,737300,Computer Integrated Systems Design
Lopez Island Chamber of Commerce,PO BOX 1267,EASTSOUND,WA,98245,San Juan,http://www.lopezisland.com,Donald Ward,Owner,Less than $1 mil,209900,"Food Preparations, NEC"
Lopez Island Chamber of Commerce,PO BOX 811,LOPEZ ISLAND,WA,98261,San Juan,http://www.lopezisland.com,Colleen James,Owner,Less than $1 mil,209900,"Food Preparations, NEC"
healy,1201 MAIN ST,VANCOUVER,WA,98660,Clark,,Nancy Retsinas,Owner,Less than $1 mil,738900,"Business Services, NEC"
Victory Wholesale Grocers,5311 E WISHON RD,SNOHOMISH,WA,98290,Snohomish,http://www.vwg.com,Bradley Kraft,Owner,,514100,"Groceries, General Line"
Lopez Island Chamber of Commerce,65 SPRING ST,FRIDAY HARBOR,WA,98250,San Juan,http://www.lopezisland.com,Rick Thompson,Owner,Less than $1 mil,209900,"Food Preparations, NEC"
Mid Life Crisis Enterprises,180 S SCOTT DR,SEQUIM,WA,98382,Clallam,,John Dach,Owner,Less than $1 mil,391100,"Jewelry, Precious Metal"
Alliance of Technology and Women,4700 42ND AVE SW,SEATTLE,WA,98116,King,http://www.atwinternational.org,Roy Colvin,Owner,Less than $1 mil,738900,"Business Services, NEC"
Lopez Island Chamber of Commerce,PO BOX 2573,FRIDAY HARBOR,WA,98250,San Juan,http://www.lopezisland.com,Robert Querry,Owner,Less than $1 mil,209900,"Food Preparations, NEC"
Good Samaritan Society,456 C ST,BLAINE,WA,98230,Whatcom,http://www.good-sam.com,Wayne Weinschenk,Administrator,,836100,Residential Care
Lopez Island Chamber of Commerce,PO BOX 1981,FRIDAY HARBOR,WA,98250,San Juan,http://www.lopezisland.com,Joyce Sobel,Executive Director,Less than $1 mil,209900,"Food Preparations, NEC"
KRISTINE DONOVICK INTERIOR,115 W GALER ST,SEATTLE,WA,98119,King,,Christine Donovick,Owner,$1 mil to less than $5 mi,571200,Furniture Stores
Cocq's Outdoor Svc,PO BOX 1075,EASTSOUND,WA,98245,San Juan,,Cheryl Jackson,Owner,Less than $1 mil,78100,Landscape Counseling and Planning
Lopez Island Chamber of Commerce,890 GUARD ST,FRIDAY HARBOR,WA,98250,San Juan,http://www.lopezisland.com,Diane Olshefsky,Owner,Less than $1 mil,209900,"Food Preparations, NEC"
Lopez Island Chamber of Commerce,249 BRONSON WAY,EASTSOUND,WA,98245,San Juan,http://www.lopezisland.com,Sandra Bronson,Owner,Less than $1 mil,209900,"Food Preparations, NEC"
PROFESSIONAL COATINGS INC,2148 PORT OF TACOMA RD,TACOMA,WA,98421,Pierce,,Ron Mcnaught,Owner,$1 mil to less than $5 mi,239200,"Housefurnishings, Except Curtains and Draperies"
Lopez Island Chamber of Commerce,PO BOX 815,FRIDAY HARBOR,WA,98250,San Juan,http://www.lopezisland.com,David Hall,Owner,Less than $1 mil,209900,"Food Preparations, NEC"
Lopez Island Chamber of Commerce,620 WARBASS WAY,FRIDAY HARBOR,WA,98250,San Juan,http://www.lopezisland.com,Craig Goring,Owner,Less than $1 mil,209900,"Food Preparations, NEC"
Lopez Island Chamber of Commerce,58 WILDROSE LN,LOPEZ ISLAND,WA,98261,San Juan,http://www.lopezisland.com,Asha Lela,Owner,Less than $1 mil,209900,"Food Preparations, NEC"
Lopez Island Chamber of Commerce,PO BOX 1604,EASTSOUND,WA,98245,San Juan,http://www.lopezisland.com,Joyce Green,Owner,Less than $1 mil,209900,"Food Preparations, NEC"
Lopez Island Chamber of Commerce,PO BOX 148,OLGA,WA,98279,San Juan,http://www.lopezisland.com,Scott Whiting,Owner,Less than $1 mil,209900,"Food Preparations, NEC"
Lopez Island Chamber of Commerce,48 PANORAMA PL,FRIDAY HARBOR,WA,98250,San Juan,http://www.lopezisland.com,Carol Jackson,Owner,Less than $1 mil,209900,"Food Preparations, NEC"
Lopez Island Chamber of Commerce,PO BOX 96,ORCAS,WA,98280,San Juan,http://www.lopezisland.com,Margaret Russell,Owner,Less than $1 mil,209900,"Food Preparations, NEC"
Lopez Island Chamber of Commerce,PO BOX 70,LOPEZ ISLAND,WA,98261,San Juan,http://www.lopezisland.com,Phyllis Potter,Owner,Less than $1 mil,209900,"Food Preparations, NEC"
Equity Residential,16400 SOUTHCENTER PKWY,SEATTLE,WA,98188,King,http://www.equityresidential.com,Kristina Lynch,Sales Executive,$1 bil and above,679800,Real Estate Investment Trusts
Kent State University Stark,3215 N 9TH ST,TACOMA,WA,98406-5913,Pierce,http://www.stark.kent.edu,Matthew Weinstein,Owner,,594200,Book Stores
"Bell-Anderson & Associates, LLC",10615 SE 256TH ST STE 201,Kent,WA,98030-6809,King,http://www.bell-anderson.net,Maria Garcia,Professional Residental Property Manager,$1 mil to less than $5 mi,653100,Real Estate Agents and Managers
Harrison Medical Center,2520 Cherry Ave.,Bremerton,WA,98310,Kitsap,http://www.harrisonhospital.org,Michael Chitwood,Safety Director,$250 mil to less than $50,806200,General Medical and Surgical Hospitals
"Ryan Snyder Associates, LLC",PO Box 47300,Olympia,WA,98504-7300,Thurston,http://www.rsa.cc,Chris Christopher,Maintenence & Operations Director,Less than $1 mil,738900,"Business Services, NEC"
First Choice Marketing Inc,2615 NE 113TH ST,Seattle,WA,98125-6794,King,http://www.firstchoicemarketing.com,Tony Tudisco,Owner,Less than $1 mil,367600,Electronic Resistors
REI,6750 S 228TH ST,Kent,WA,98032-4803,King,http://www.rei.com,Christopher Rainey,Information Technology Buyer,,594100,Sporting Goods Stores and Bicycle Shops
Key Technology Inc,150 Avery St,Walla Walla,WA,99362-1668,Walla Walla,http://www.key.net,Bill Davis,Director - Customer Service,$100 mil to less than $25,355600,Food Products Machinery
Advanced Construction Inc,4640 CAMPUS PL STE 150,Mukilteo,WA,98275-5312,Snohomish,,Linda Burkhert,Partner,$1 mil to less than $5 mi,161100,"Highway and Street Construction, Except Elevated Highways"
Weyerhaeuser Company,33663 Weyerhaeuser Way South,Federal Way,WA,98003,King,http://www.weyerhaeuser.com,James Branson,"Senior Vice President, Timberlands",$1 bil and above,81100,Timber Tracts
Weyerhaeuser Company,33663 Weyerhaeuser Way South,Federal Way,WA,98003,King,http://www.weyerhaeuser.com,Floyd Holder,"President, Trendmaker Homes, Wreco",$1 bil and above,81100,Timber Tracts
"Tableau Software, Incorporated",400 N 34TH ST STE 200,Seattle,WA,98103-8600,King,http://www.tableausoftware.com,Pat Hanrahan,Chief Technology Officer,$5 mil to less than $10 m,737200,Prepackaged Software
Electroimpact Inc,4606 107th St Sw,Mukilteo,WA,98275,Snohomish,http://www.electroimpact.com,Gavin Ryan,Chief Engineer,,354200,"Machine Tools, Metal Forming Type"
Electroimpact Inc,4606 107th St Sw,Mukilteo,WA,98275,Snohomish,http://www.electroimpact.com,Lucas Sallee,Chief Engineer,,354200,"Machine Tools, Metal Forming Type"
Electroimpact Inc,4606 107th St Sw,Mukilteo,WA,98275,Snohomish,http://www.electroimpact.com,Adam Walker,Chief Engineer,,354200,"Machine Tools, Metal Forming Type"
Western United Fish Co Inc,9411 8Th Ave S Ste 1,Seattle,WA,98108-4903,King,http://www.westernunitedfish.com,Henry Tran,Information Technology Manager,$10 mil to less than $25,514600,Fish and Seafoods
Morse Construction Group Inc,5500 S 1st Ave,Everett,WA,98203,Snohomish,http://www.morsecg.com,Bruce Fabert,Director of Sales,,344300,Fabricated Plate Work (Boiler Shops)
Electroimpact Inc,4606 107th St Sw,Mukilteo,WA,98275,Snohomish,http://www.electroimpact.com,David Baker,Chief Engineer,,354200,"Machine Tools, Metal Forming Type"
Electroimpact Inc,4606 107th St Sw,Mukilteo,WA,98275,Snohomish,http://www.electroimpact.com,Barron Knigge,Chief Engineer,,354200,"Machine Tools, Metal Forming Type"
Electroimpact Inc,4606 107th St Sw,Mukilteo,WA,98275,Snohomish,http://www.electroimpact.com,Andrew Allport,Chief Engineer,,354200,"Machine Tools, Metal Forming Type"
Electroimpact Inc,4606 107th St Sw,Mukilteo,WA,98275,Snohomish,http://www.electroimpact.com,George Bacon,Chief Engineer,,354200,"Machine Tools, Metal Forming Type"
Electroimpact Inc,4606 107th St Sw,Mukilteo,WA,98275,Snohomish,http://www.electroimpact.com,James Lynch,Chief Engineer,,354200,"Machine Tools, Metal Forming Type"
Electroimpact Inc,4606 107th St Sw,Mukilteo,WA,98275,Snohomish,http://www.electroimpact.com,Sean Foley,Chief Engineer,,354200,"Machine Tools, Metal Forming Type"
VEA PRODUCT DESIGN,3209 112TH PLACE SE,EVERETT,WA,98208,Snohomish,http://www.vea-design.com,Tony Valenzuela,Owner and Design Engineer,Less than $1 mil,871100,Engineering Services
The Management Group Inc,7710 NE VANCOUVER MALL DR STE A,Vancouver,WA,98662-6485,Clark,http://www.tmgnw.com,John Lynch,Director - Management Information Systems,$1 mil to less than $5 mi,651300,Operators of Apartment Buildings
Snohomish County,3000 ROCKEFELLER AVE,Everett,WA,98201-4046,Snohomish,http://www.www1.co.snohomish.wa.us,Jim Henshaw,Information Technology Manager,,911100,Executive Offices
Microsoft Corporation,1 MICROSOFT WAY BLDG 36,Redmond,WA,98052,King,http://www.microsoft.com,Jose Cuerto,"Marketing Manager-Partners, Information Workers Product Marketing Group",$1 bil and above,737200,Prepackaged Software
Nordstrom Inc,1617 6th Ave.,Seattle,WA,98101-1742,King,http://www.shop.nordstrom.com,Jon Matson,Senior Application Architect,$1 bil and above,565100,Family Clothing Stores
F&M Bank,PO Box 19430,Spokane,WA,99219,Spokane,http://www.fmbnc.com,John Tombari,Executive Vice President / Chief Financial Officer,,602900,"Commercial Banks, NEC"
Spokane Firefighters Credit Union,2002 N ATLANTIC ST,SPOKANE,WA,99205,Spokane,http://www.firecu.net,Todd Powell,President,$1 mil to less than $5 mi,606100,"Credit Unions, Federally Chartered"
Weyerhaeuser Company,14725 SE 36th St,Bellevue,WA,98006,King,http://www.weyerhaeuser.com,Sue Dunn,Controller,$1 bil and above,81100,Timber Tracts
Weyerhaeuser Company,33663 Weyerhaeuser Way South,Federal Way,WA,98063-9777,King,http://www.weyerhaeuser.com,Mark Stryk,Controller,$1 bil and above,81100,Timber Tracts
CSI-POSDATA,5110 OLD STUMP DR NW,Gig Harbor,WA,98332-7886,Pierce,http://www.csi-posdata.com,Bill McCubbins,Senior Vice President / Chief Operating Officer,,504500,Computers and Computer Peripheral Equipment and Software
Grant County PUD,312 W 3RD AVE,Moses Lake,WA,98837-1906,Grant,http://www.gcpud.org,Annette Lovitt,Customer Service Supervisor,$25 mil to less than $50,493900,"Combination Utilities, NEC"
Medtronic Inc,11811 Willows RD NE,Redmond,WA,98052,King,http://www.medtronic.com,Bill Gray,Compensation Analyst,$1 bil and above,384500,Electromedical and Electrotherapeutic Apparatus
"RSM McGladrey, Inc.",600 UNIVERSITY ST STE 1100,Seattle,WA,98101-3119,King,http://www.rsmmcgladrey.com,Tim Searing,Cpa,$500 mil to less than $1,872100,"Accounting, Auditing, and Bookkeeping Services"
The Walt Disney Co.,925 Fourth Ave,Seattle,WA,98104,King,http://www.disney.go.com,Shawna Stine,Director,$1 bil and above,483300,Television Broadcasting Stations
J. D. Ott Co. Inc.,2244 6th Ave S,Seattle,WA,98134,King,,Rex Ott,President,$10 mil to less than $25,372800,"Aircraft Parts and Auxiliary Equipment, NEC"
F S & A Advertising & Media,2819 ELLIOTT AVE STE 205,Seattle,WA,98121-1122,King,http://www.fsamedia.com,Frank Sunseri,Owner,Less than $1 mil,731100,Advertising Agencies
Solar Systems & Peripheral,PO BOX 859,Preston,WA,98050-0859,King,http://www.solarsystems.com,Jack Defriel,Sales Representative,,504500,Computers and Computer Peripheral Equipment and Software
Swedish Medical Center,747 Broadway,Seattle,WA,98122,King,http://www.swedish.org,Richard Peterson,Director of Customer Service,$1 bil and above,806200,General Medical and Surgical Hospitals
Nordstrom Inc,1617 6TH AVE STE 500,Seattle,WA,98101-1707,King,http://www.shop.nordstrom.com,Ana Jiminez,Diversity Affairs Assistant,$1 bil and above,565100,Family Clothing Stores
IOACTIVE Inc,701 5TH AVE STE 6850,Seattle,WA,98104-7029,King,http://www.ioactive.com,Scott Dunlop,Manager,$1 mil to less than $5 mi,738200,Security Systems Services
Ioline Corporation,14140 NE 200Th St,Woodinville,WA,98072,King,http://www.ioline.com,Jay Sheldon,Admininstration Manager,$1 mil to less than $5 mi,355200,Textile Machinery
Walashek Industrial & Marine,6410 S 143rd St,Tukwila,WA,98168,King,http://www.walashek.com,Steve Roseburg,Finance Manager,$10 mil to less than $25,373100,Ship Building and Repairing
Dexco Polymers LP,2008 N DURRY ROAD,SPRAGUE,WA,99032,Whitman,http://www.dexcopolymers.com,Gary Templin,Owner,$10 mil to less than $25,282100,"Plastics Material and Synthetic Resins, and Nonvulcanizable Elastomers"
Hirschler Manufacturing Inc,915 6TH ST S,Kirkland,WA,98033-6712,King,http://www.hirschler.com,Gerald Hirschler,President,$5 mil to less than $10 m,372800,"Aircraft Parts and Auxiliary Equipment, NEC"
Bai Pai Restaurant,2316 Ne 65th St,Seattle,WA,98115-7098,King,http://www.baipairestaurant.com,Alex Silagan,Owner,,581200,Eating and Drinking Places
Washington Trust Bank,717 W Sprague Ave Fl 7,Spokane,WA,99201,Spokane,http://www.watrust.com,Larry Sorensen,Chief Financial Officer,$100 mil to less than $25,602200,State Commercial Banks
Getty Images Inc,601 N 34th St,Seattle,WA,98103-8603,King,http://www.gettyimages.com,Jonathan Spencer,Senior Director Finance,,733500,Commercial Photography
"Tetra Tech, Inc.",12500 NE GRANTHAM RD,AMBOY,WA,98601-3002,Clark,http://www.tetratech.com,Perry Ortega,Principal Ehs Scientist,$1 bil and above,871100,Engineering Services
Microsoft Corporation,1 Microsoft Way,Redmond,WA,98052,King,http://www.microsoft.com,Doug Turnure,Principal Program Manager Visual Studio,$1 bil and above,737200,Prepackaged Software
Kindred Healthcare Inc,10631 8th Ave Ne,Seattle,WA,98125,King,http://www.kindredhealthcare.com,Tom Shandera,Infection Control Director,Less than $1 mil,806200,General Medical and Surgical Hospitals
Association of Washington Public Hospital Districts,411 Fortuyn Rd,Grand Coulee,WA,99133,Grant,http://www.awphd.org,Julie Bjorklund,Human Resources Director,,943100,Administration of Public Health Programs
Zones Inc,1102 15th St SW Ste 102,Auburn,WA,98001,King,http://www.zones.com,Keith Klawitter,Senior Account Executive Creative Pro Group,$250 mil to less than $50,596100,Catalog and Mail-Order Houses
Swinerton Incorporated,3180 139TH AVE SE STE 250,BELLEVUE,WA,98005,King,http://www.swinerton.com,Lou Zonta,Business Development Manager,$1 bil and above,154200,"General Contractors-Nonresidential Buildings, Other than Industrial Buildings and Warehouses"
State of Washington (USA),416 SID SNYDER AVE SW,OLYMPIA,WA,98501,Thurston,,Sadie Hawkins,Chief Executive Officer Chief Financial Officer Vice President Director,,965100,"Regulation, Licensing, and Inspection of Miscellaneous Commercial Sectors"
Kindred Healthcare Inc,21008 76th Ave W,Edmonds,WA,98026,Snohomish,http://www.kindredhealthcare.com,Doris Ferguson,Chief Financial Officer,Less than $1 mil,806200,General Medical and Surgical Hospitals
Washington Corporations,4012 SR 509 FRONTAGE RD S,TACOMA,WA,98421-3538,Pierce,http://www.washcorp.com,Karen Fisher,Chief Financial Officer,,508200,Construction and Mining (Except Petroleum) Machinery and Equipment
Symetra Financial,PO BOX 34695,SEATTLE,WA,98124-1695,King,http://www.symetra.com,Leeanna Glessing,Chief Financial Officer,$1 bil and above,631100,Life Insurance
"Ryan Snyder Associates, LLC",8708 44TH AVE W,MUKILTEO,WA,98275-3224,Snohomish,http://www.rsa.cc,Bob Wolken,Chief Engineer,Less than $1 mil,738900,"Business Services, NEC"
KBTC,2320 S 19TH ST,Tacoma,WA,98405-2946,Pierce,http://www.kbtc.org,Steve Newsom,Chief Engineer,$1 mil to less than $5 mi,483300,Television Broadcasting Stations
"Picatti Brothers, Inc",105 S 3Rd Ave,Yakima,WA,98902,Yakima,,Jon Durand,Chief Executive Officer,$10 mil to less than $25,173100,Electrical Work
Washington State Health Information Management Association,506 2ND AVE STE 1200,SEATTLE,WA,98104,King,http://www.wshima.org,John Fletcher,Chief Executive Officer,Less than $1 mil,809900,"Health and Allied Services, NEC"
City of Seattle,PO BOX 34023,SEATTLE,WA,98124,King,http://www.cityofseattle.net,Phil Leiber,Chief Financial Officer,$10 mil to less than $25,911100,Executive Offices
Washington State Health Information Management Association,PO BOX 197,CHEWELAH,WA,99109,Stevens,http://www.wshima.org,Chris Hargis,Chief Financial Officer,Less than $1 mil,809900,"Health and Allied Services, NEC"
WASHINGTON STATE PUBLIC HEALTH ASSOCIATION INC,PO BOX 793,OMAK,WA,98841,Okanogan,http://www.wspha.org,Scott Attridge,Chief Financial Officer,Less than $1 mil,839900,"Social Services, NEC"
Computer Sciences Corporation,2839 NW 56TH ST APT 210,SEATTLE,WA,98107-4281,King,http://www.csc.com,Kanyapak Reinvetch,Chief Information Officer,$1 bil and above,737600,Computer Facilities Management Services
Swedish Medical Center,747 Broadway,Seattle,WA,98122,King,http://www.swedish.org,Jesse McNeece,Chief Information Officer,$1 bil and above,806200,General Medical and Surgical Hospitals
WASHINGTON STATE PUBLIC HEALTH ASSOCIATION INC,PO Box 469,Spokane,WA,99210,Spokane,http://www.wspha.org,Chuck Gersdorf,Chief Information Officer,Less than $1 mil,839900,"Social Services, NEC"
Symetra Financial,777 108th Ave NE Ste 1200,Bellevue,WA,98004,King,http://www.symetra.com,Olson Troy,Chief Information Officer,$1 bil and above,631100,Life Insurance
Quinn Group Inc,727 W Garland Ave,Spokane,WA,99205,Spokane,http://www.quinngroup.com,Heidi Moll,Chief Technology Officer,Less than $1 mil,731100,Advertising Agencies
Weyerhaeuser Company,33663 Weyerhaeuser Way S,Federal Way,WA,98001,King,http://www.weyerhaeuser.com,Rodger Anger,CIO,$1 bil and above,81100,Timber Tracts
International Business Machines Corporation (IBM),3600 CARILLON PT,Kirkland,WA,98033-7454,King,http://www.ibm.com,Michael Turner,CIO,$1 bil and above,357100,Electronic Computers
Microsoft Corporation,1 Microsoft Way,Redmond,WA,98052,King,http://www.microsoft.com,Jennifer Grimes,CIO,$1 bil and above,737200,Prepackaged Software
Microsoft Corporation,1 Microsoft Way,Redmond,WA,98052,King,http://www.microsoft.com,Warren Barkley,CIO,$1 bil and above,737200,Prepackaged Software
"Pediatrix Medical Group, Inc.",1229 MADISON ST STE 1150,SEATTLE,WA,98104,King,http://www.pediatrix.com,Freitas Anne,CIO,$500 mil to less than $1,801100,Offices and Clinics of Doctors of Medicine
VFW Magazine,915 2ND AVE STE 806,SEATTLE,WA,98174-1062,King,http://www.vfw.org,John Daffron,CIO,Less than $1 mil,606200,"Credit Unions, Not Federally Chartered"
VFW Magazine,915 2ND AVE STE 1856,SEATTLE,WA,98174-1001,King,http://www.vfw.org,Bernice Waddell,CIO,Less than $1 mil,606200,"Credit Unions, Not Federally Chartered"
Weyerhaeuser Company,PO BOX 2999,Tacoma,WA,98401-2999,Pierce,http://www.weyerhaeuser.com,Ken Wallace,CIO,$1 bil and above,81100,Timber Tracts
Sun Healthcare Group Inc,800 N MEDCALF LN,MONTESANO,WA,98563,Grays Harbor,http://www.sunh.com,Sylvia Brandenburg,CIO,$1 bil and above,805100,Skilled Nursing Care Facilities
VFW Magazine,401 BUSTER RD,TOPPENISH,WA,98948,Yakima,http://www.vfw.org,Colleen Reimer,CIO,Less than $1 mil,606200,"Credit Unions, Not Federally Chartered"
VFW Magazine,401 BUSTER RD,TOPPENISH,WA,98948,Yakima,http://www.vfw.org,John Moran,CIO,Less than $1 mil,606200,"Credit Unions, Not Federally Chartered"
VFW Magazine,401 BUSTER RD,TOPPENISH,WA,98948,Yakima,http://www.vfw.org,Jim Newquist,CIO,Less than $1 mil,606200,"Credit Unions, Not Federally Chartered"
Zetec Inc,8226 Bracken Pl SE Ste 100,Snoqualmie,WA,98065,King,http://www.zetec.com,John Trollen,CIO,$5 mil to less than $10 m,382900,"Measuring and Controlling Devices, NEC"
Texas Association for Healthcare Quality,77 Wainwright Dr,Walla Walla,WA,99362,Walla Walla,http://www.txquality.org,Debra Jinkens,CIO MIS IT,$1 mil to less than $5 mi,862100,Professional Membership Organizations
Northrop Grumman Corporation,904 W RIVERSIDE AVE STE 135,Spokane,WA,99201-1008,Spokane,http://www.northropgrumman.com,Daniel Brazell,Contracting Officer,$1 bil and above,372800,"Aircraft Parts and Auxiliary Equipment, NEC"
Rinker Materials Corporation,8705 Ne 117th Ave,Vancouver,WA,98662,Clark,http://www.rinker.com,Ryan Young,Controller,Less than $1 mil,606200,"Credit Unions, Not Federally Chartered"
Washington State Association of Student Employment Administrators,3307 3RD AVE W STE 302,SEATTLE,WA,98119-1957,King,http://www.wsasea.org,Gary Womelsduff,Director of Human Resources,,944100,"Administration of Social, Human Resource and Income Maintenance Programs"
Honeywell International Inc,15128 E EUCLID AVE,Spokane Valley,WA,99216,Spokane,http://www.honeywell.com,Laurie Brunner,Director of Advertising,$1 bil and above,372400,Aircraft Engines and Engine Parts
Peterson Company,1102 D St Ne,Auburn,WA,98002,King,http://www.petersoncheese.com,Michelle Stevens,Director of Purchasing,$25 mil to less than $50,514100,"Groceries, General Line"
City of Seattle,700 5TH AVE,Seattle,WA,98104,King,http://www.cityofseattle.net,Eric Campbell,Director of Risk Management,$10 mil to less than $25,911100,Executive Offices
CMI Contracting Inc.,11061 NE 2ND ST STE 240,BELLEVUE,WA,98004,King,http://www.cmihomes.com,Jayme Mattson,Director Operations,$1 mil to less than $5 mi,153100,Operative Builders
"T-Mobile USA, Inc.",12920 SE 38Th St,Bellevue,WA,98006,King,http://www.www-t-mobile.com,Steffen Schwarz,Director Purchasing,$1 bil and above,481200,Radiotelephone Communications
"Ocean Beauty Seafoods, Inc.",1100 W EWING ST,SEATTLE,WA,98119-1321,King,http://www.oceanbeauty.com,John Bregenser,Director-PURCHASING,$250 mil to less than $50,209200,Prepared Fresh or Frozen Fish and Seafoods
Dendreon Corporation,3005 1st Ave,Seattle,WA,98121,King,http://www.dendreon.com,John Scott,Director Quality Control,Less than $1 mil,283400,Pharmaceutical Preparations
EMC Corporation,3650 131ST AVE SE STE 800,BELLEVUE,WA,98006,King,http://www.emc.com,Roger Jacobsen,District Manager,$1 bil and above,357200,Computer Storage Devices
Microsoft Corporation,1 Microsoft Way,Redmond,WA,98052,King,http://www.microsoft.com,Brad Miller,District Manager,$1 bil and above,737200,Prepackaged Software
Weyerhaeuser Company,PO Box 9777,Federal Way,WA,98063,King,http://www.weyerhaeuser.com,Ron Wilderman,Division Manager,$1 bil and above,81100,Timber Tracts
Fluor Corporation,PO BOX 1000,RICHLAND,WA,99352-1000,Benton,http://www.fluor.com,Leann Taylor,Human Resources Specialist,$1 bil and above,871100,Engineering Services
Washington Municipal Clerks Association,6200 SOUTHCENTER BLVD,TUKWILA,WA,98188,King,http://www.wmcaclerks.org,Mary Miotke,Information Technology Manager,,911100,Executive Offices
"Trans-System, Inc.",7405 S Hayford Rd,Cheney,WA,99004,Spokane,http://www.trans-system.com,Bill Haley,Information Technology Manager,$100 mil to less than $25,421300,"Trucking, Except Local"
KLS Logistics Services Inc,5906 Englewood Ave,Yakima,WA,98908-2337,Yakima,http://www.klsglobal.com,Tammy Solis,Logistics Manager,$1 mil to less than $5 mi,473100,Arrangement of Transportation of Freight and Cargo
Microsoft Corporation,1 MICROSOFT WAY,REDMOND,WA,98052-6399,King,http://www.microsoft.com,Judy Kaplan,"Manager, Human Resources",$1 bil and above,737200,Prepackaged Software
Terex Corporation,PO BOX 97030,REDMOND,WA,98073,King,http://www.terex.com,Jess Gobel,Credit Manager,$1 bil and above,353100,Construction Machinery and Equipment
Crooked Trails,PO Box 94034,Seattle,WA,98124,King,http://www.crookedtrails.com,Tammy Leland,Chief Technology Officer,Less than $1 mil,738900,"Business Services, NEC"
Matheney CPAs,12720 E Nora Ave Ste G,Spokane Valley,WA,99216-1197,Spokane,http://www.matheney-cpa.com,Tracie Matheney,Chief Technology Officer,Less than $1 mil,872100,"Accounting, Auditing, and Bookkeeping Services"
"Ryan Snyder Associates, LLC",15700 DAYTON AVE N,Shoreline,WA,98133-5910,King,http://www.rsa.cc,Cecilia Mattus,Database Administration,Less than $1 mil,738900,"Business Services, NEC"
EMC Corporation,2010 156TH AVE NE STE 200,BELLEVUE,WA,98007,King,http://www.emc.com,Michael Lozano,Design Engineer,$1 bil and above,357200,Computer Storage Devices
Building Owners and Managers Association,7717 DETROIT AVE SW,SEATTLE,WA,98106,King,http://www.boma.org,Steven Hargrove,Design Engineer,Less than $1 mil,869900,"Membership Organizations, NEC"
Trail Tech Corporation,1600 SE 18Th Ave # 2B07,Battle Ground,WA,98604-4850,Clark,http://www.trailtech.net,Chris Lesniak,Design Engineer,Less than $1 mil,557100,Motorcycle Dealers
Itron Inc,2607 N CRESTLINE ST,SPOKANE,WA,99207-4923,Spokane,http://www.itron.com,James Kann,Design Engineer,$1 bil and above,366300,Radio and Television Broadcasting and Communications Equipment
Life Care Centers of America,491 S 338TH ST,FEDERAL WAY,WA,98003,King,http://www.lcca.com,David Crawford,Executive Director,$50 mil to less than $100,805100,Skilled Nursing Care Facilities
City of Seattle,PO BOX 34986,Seattle,WA,98124-4986,King,http://www.cityofseattle.net,Judith Cross,Executive Director,$10 mil to less than $25,911100,Executive Offices
Mockingbird Times,2100 24TH AVE S STE 240,SEATTLE,WA,98144-4643,King,,Jim Theoflis,Executive Director,Less than $1 mil,271100,"Newspapers: Publishing, or Publishing and Printing"
Life Care Centers of America,1031 SW 130th St,Burien,WA,98146,King,http://www.lcca.com,Kathleen Chugg,Executive Director,$50 mil to less than $100,805100,Skilled Nursing Care Facilities
Washington State Business,906 COLUMBIA ST SW,Olympia,WA,98501-1216,Thurston,http://www.choosewashington.com,Egils Milbergs,Executive Director,,953100,Administration of Housing Programs
Life Care Centers of America,801 SE Park Crest Ave,Vancouver,WA,98683,Clark,http://www.lcca.com,Shannon Smit,Executive Director,$50 mil to less than $100,805100,Skilled Nursing Care Facilities
WASHINGTON STATE PUBLIC HEALTH ASSOCIATION INC,810 JASMINE ST,OMAK,WA,98841-9578,Okanogan,http://www.wspha.org,Ralph Paulding,Executive Director,Less than $1 mil,839900,"Social Services, NEC"
Washington State Health Information Management Association,5633 N LIDGERWOOD ST,SPOKANE,WA,99208-1224,Spokane,http://www.wshima.org,Terri Fortner,Executive Director,Less than $1 mil,809900,"Health and Allied Services, NEC"
The Ryness Company,14405 SE 36th St Ste 208,Bellevue,WA,98006-1513,King,http://www.ryness.com,Dan Moore,Executive Vice President,,653100,Real Estate Agents and Managers
NBBJ,111 S Jackson St,Seattle,WA,98104,King,http://www.nbbj.com,Midge Honnicutt,Facilities Manager,$25 mil to less than $50,871200,Architectural Services
"T-Mobile USA, Inc.",12920 SE 38Th St,Bellevue,WA,98006,King,http://www.www-t-mobile.com,Carlos De Luna,Facilities Manager,$1 bil and above,481200,Radiotelephone Communications
Washington State Health Information Management Association,800 W 5TH AVE,Spokane,WA,99204,Spokane,http://www.wshima.org,Tom Heidt,Facility Manager,Less than $1 mil,809900,"Health and Allied Services, NEC"
IKEA,4604 196TH ST E,SPANAWAY,WA,98387-6773,Pierce,http://www.ikea.com,Tom Owens,Facility Manager,Less than $1 mil,671200,Offices of Bank Holding Companies
Washington Municipal Clerks Association,6200 SOUTHCENTER BLVD,TUKWILA,WA,98188,King,http://www.wmcaclerks.org,Shawn Hunstock,Finance Director,,911100,Executive Offices
Star Rentals Inc,1912 W A ST,PASCO,WA,99301,Franklin,http://www.starrentals.com,Becky Kemper,Finance Executive,$50 mil to less than $100,735300,Heavy Construction Equipment Rental and Leasing
United Rentals Inc,3400 Lind Ave SW,Renton,WA,98057-4925,King,http://www.ur.com,Vanessa Perekowsky,Finance Executive,$1 bil and above,735900,"Equipment Rental and Leasing, NEC"
Guy F. Atkinson Construction LLC,600 NACHES AVE SW STE 120,Renton,WA,98057-2217,King,http://www.atkn.com,Bob Adams,Finance Manager,,161100,"Highway and Street Construction, Except Elevated Highways"
Ennis Furniture Co Inc,1895 FOWLER ST,RICHLAND,WA,99352-4809,Benton,http://www.ennisfurniture.com,David Ennis,Finance Manager,$10 mil to less than $25,571200,Furniture Stores
Good Samaritan Hospital,325 E PIONEER,PUYALLUP,WA,98372-3265,Pierce,http://www.goodsamaritan.chsli.org,Tammy George,Financial Director,$250 mil to less than $50,806200,General Medical and Surgical Hospitals
Nordstrom Inc,1700 7th Ave Ste 300,Seattle,WA,98101,King,http://www.shop.nordstrom.com,Karen Hadac,Financial Manager,$1 bil and above,565100,Family Clothing Stores
Nordstrom Inc,1700 7th Ave Ste 300,Seattle,WA,98101,King,http://www.shop.nordstrom.com,Andrea Foster,Financial Manager,$1 bil and above,565100,Family Clothing Stores
Nordstrom Inc,1700 7th Ave Ste 300,Seattle,WA,98101,King,http://www.shop.nordstrom.com,Jim Tsolomitis,Financial Manager,$1 bil and above,565100,Family Clothing Stores
Nordstrom Inc,1700 7TH AVE STE 1400,SEATTLE,WA,98101-4419,King,http://www.shop.nordstrom.com,Kaaren Pritchard,Financial Manager,$1 bil and above,565100,Family Clothing Stores
Nordstrom Inc,1700 7TH AVE STE 1400,SEATTLE,WA,98101,King,http://www.shop.nordstrom.com,Tim Nash,Financial Manager,$1 bil and above,565100,Family Clothing Stores
Nordstrom Inc,1700 7th Ave Ste 300,Seattle,WA,98101,King,http://www.shop.nordstrom.com,Madeline Kato,Financial Manager,$1 bil and above,565100,Family Clothing Stores
United General Hospital,2000 Hospital Dr,Sedro Woolley,WA,98284,Skagit,http://www.unitedgeneral.org,Dan Garcia,General Counsel,$10 mil to less than $25,806200,General Medical and Surgical Hospitals
Nordstrom Inc,1617 6th Ave,Seattle,WA,98101,King,http://www.shop.nordstrom.com,Cathy Yamagata,Human Resources Personnel Training,$1 bil and above,565100,Family Clothing Stores
AMERICAN RED CROSS,1235 S Tacoma Way,Tacoma,WA,98409,Pierce,http://www.miamiredcross.org,Chuck Doughty,Human Resource Executive,,832200,Individual and Family Social Services
Weyerhaeuser Company,33663 WEYERHAEUSER WAY S,FEDERAL WAY,WA,98001-9620,King,http://www.weyerhaeuser.com,Alison Taylor,Human Resources,$1 bil and above,81100,Timber Tracts
Nordstrom Inc,1700 7TH AVE STE 300,SEATTLE,WA,98101-4407,King,http://www.shop.nordstrom.com,Linda Armbruster,Human Resources,$1 bil and above,565100,Family Clothing Stores
Weyerhaeuser Company,1701 W 1ST ST,ABERDEEN,WA,98520-5542,Grays Harbor,http://www.weyerhaeuser.com,Brian Macdonald,Human Resources Executive,$1 bil and above,81100,Timber Tracts
Elixir Industries,640 COLLINS RD,ELKHART,WA,46516-5421,,http://www.elixirind.com,Jane Dickinson,Human Resources Executive,$100 mil to less than $25,346900,"Metal Stamping, NEC"
Kansas Association of Career and Technical Education,829 2ND ST,SNOHOMISH,WA,98296,Snohomish,http://www.k-acte.org,Tim Regan,Owner,Less than $1 mil,738900,"Business Services, NEC"
"Dollar Tree Stores, Inc.",7509 S 5TH ST,RIDGEFIELD,WA,98642-7117,Clark,http://www.dollartree.com,Debbie Hale,Human Resources Executive,$1 bil and above,533100,Variety Stores
Waste Management Inc,8111 1ST AVE S,SEATTLE,WA,98108-4202,King,http://www.wm.com,Alisa Ray,Human Resources Generalist,$1 bil and above,495300,Refuse Systems
Marriott International Inc,2100 ALASKAN WAY,SEATTLE,WA,98121-3139,King,http://www.marriott.com,Bonnie Swailes,Human Resources Generalist,$1 bil and above,701100,Hotels and Motels
"Lowe's Companies, Inc.",1200 WALLA WALLA AVE,WENATCHEE,WA,98801-1527,Chelan,http://www.lowes.com,Heather Smith,Human Resources Manager,$1 bil and above,521100,Lumber and Other Building Materials Dealers
ConAgra Foods Inc.,PO BOX 368,QUINCY,WA,98848-0368,Grant,http://www.conagrafoods.com,Chad Zimmerman,Human Resources Manager,$1 bil and above,209900,"Food Preparations, NEC"
Microsoft Corporation,1 MICROSOFT WAY,REDMOND,WA,98052,King,http://www.microsoft.com,Brad Fringer,Human Resources Manager,$1 bil and above,737200,Prepackaged Software
Microsoft Corporation,1 MICROSOFT WAY,REDMOND,WA,98052,King,http://www.microsoft.com,Sharlene Ayabe,Human Resources Manager,$1 bil and above,737200,Prepackaged Software
Sahara Fine Art,550 106TH AVE NE STE 209,BELLEVUE,WA,98004-5088,King,,Joe Hewitson,Information Technology Manager,,502300,Home Furnishings
CONSOLIDATED FOODS INC,21007 72ND AVE S,KENT,WA,98032-1338,King,http://www.consolidatedfoodsinc.com,Ben Ebbesen,Managing Director,$1 mil to less than $5 mi,514100,"Groceries, General Line"
Nordstrom Inc,1700 7th Ave Ste 300,Seattle,WA,98101,King,http://www.shop.nordstrom.com,Nikole Fargher,Marketing,$1 bil and above,565100,Family Clothing Stores
Electronic Evidence Discovery Inc,3933 Lake Washington Blvd NE Ste 200,Kirkland,WA,98033,King,http://www.eedinc.com,Jillian Rue,Marketing Manager,,874200,Management Consulting Services
Zones Inc,1102 15th St SW Ste 102,Auburn,WA,98001,King,http://www.zones.com,Wytana Conner,Operations Manager,$250 mil to less than $50,596100,Catalog and Mail-Order Houses
Modern Electric Water Company,904 N PINES RD,SPOKANE VALLEY,WA,99206,Spokane,,Joe Morgan,Operations Manager,$1 mil to less than $5 mi,493100,Electric and Other Services Combined
Quality Press Inc.,222 S Orcas St,Seattle,WA,98108,King,http://www.qualitypress.com,John Depasquale,Owner,$1 mil to less than $5 mi,275200,"Commercial Printing, Lithographic"
GREGORY HEFFORN LLC,1336 GRANT ST,BELLINGHAM,WA,98225-4919,Whatcom,http://www.midline.net,Greg Heffron,Owner,Less than $1 mil,733600,Commercial Art and Graphic Design
Curbmate,4011 54TH STREET CT NW,GIG HARBOR,WA,98335-7133,Pierce,,Randy Albers,Owner,,353100,Construction Machinery and Equipment
Locke Systems Inc,2414 9th Ave,Milton,WA,98354-8909,Pierce,http://www.lockesystems.com,Den Locke,Owner,Less than $1 mil,737500,Information Retrieval Services
South Carroll Business Association,703 KIRKLAND AVE,KIRKLAND,WA,98033-6319,King,http://www.southcarroll.org,Bill Gilmore,Owner,Less than $1 mil,753800,General Automotive Repair Shops
Image Technology,17613 NE 142ND ST,REDMOND,WA,98052,King,,Richard Cordray,Owner,Less than $1 mil,874200,Management Consulting Services
We The People Ps Law Office,6109 93RD ST SW,TACOMA,WA,98499-2401,Pierce,,Earnest Chapel,Owner,$1 mil to less than $5 mi,811100,Legal Services
Kheper Publishing LLC,1415 NW 52nd St,Seattle,WA,98107,King,http://www.khepergames.com,Brian Pellhan,Owner Human Resources Executives,$1 mil to less than $5 mi,394400,"Games, Toys, and Children's Vehicles, Except Dolls and Bicycles"
Swedish Medical Center,747 Broadway,Seattle,WA,98122,King,http://www.swedish.org,David Panther,Owner Human Resources Executives,$1 bil and above,806200,General Medical and Surgical Hospitals
VFW Magazine,915 2ND AVE STE 3142,SEATTLE,WA,98174-1095,King,http://www.vfw.org,Herman Payton,Owner Partner Principal,Less than $1 mil,606200,"Credit Unions, Not Federally Chartered"
VFW Magazine,915 2ND AVE #3142 JACKSON FEDERAL BLDG,SEATTLE,WA,98174,King,http://www.vfw.org,Helen Knoll,Owner Partner Principal,Less than $1 mil,606200,"Credit Unions, Not Federally Chartered"
Fluor Corporation,PO BOX 1050,RICHLAND,WA,99352,Benton,http://www.fluor.com,Glenn Maiden,Owner Partner Principal,$1 bil and above,871100,Engineering Services
Microsoft Corporation,1 Microsoft Way,Redmond,WA,98052,King,http://www.microsoft.com,Bjorn Hopland,Personnel Manager,$1 bil and above,737200,Prepackaged Software
Nordstrom Inc,401 NE Northgate Way,Seattle,WA,98125,King,http://www.shop.nordstrom.com,Sharolyn Mayes,Personnel Manager,$1 bil and above,565100,Family Clothing Stores
American Cupola Co,7696 PERIMETER RD S,SEATTLE,WA,98108,King,,Ethel Woods,President,Less than $1 mil,571900,Miscellaneous Homefurnishings Stores
Office Depot Inc,6805 S 217TH ST,Kent,WA,98032-2400,King,http://www.officedepot.com,Jim Cooper,President,$1 bil and above,594300,Stationery Stores
"MidMountain Contractors, Inc.",PO BOX 2909,Kirkland,WA,98083-2909,King,http://www.midmtn.com,Jeff Levere,President,$50 mil to less than $100,161100,"Highway and Street Construction, Except Elevated Highways"
Honeywell International Inc,15128 E EUCLID AVE,Spokane Valley,WA,99216,Spokane,http://www.honeywell.com,Michael Cleare,President,$1 bil and above,372400,Aircraft Engines and Engine Parts
Eich Logging,PO BOX 741,REPUBLIC,WA,99166-0741,Ferry,,Mike Fagley,President,Less than $1 mil,872100,"Accounting, Auditing, and Bookkeeping Services"
Greenfield Financial,23926 OLD OWEN RD,Monroe,WA,98272-7668,Snohomish,http://www.greenfieldfinancial.net,Jan Groeneveld,President,Less than $1 mil,628200,Investment Advice
"Down Under Answers, Llc",400 108th Ave NE Ste 700,Bellevue,WA,98004,King,http://www.duatravel.com,Allison Hogan,Procurement Officer Chief Technology Off,$1 mil to less than $5 mi,472400,Travel Agencies
Robert Alexander Dr,7500 212TH ST SW STE 210,EDMONDS,WA,98026,Snohomish,,Michael Lau,Procurement Officer Chief Technology Off,Less than $1 mil,801100,Offices and Clinics of Doctors of Medicine
United General Hospital,2000 Hospital Dr,Sedro Woolley,WA,98284,Skagit,http://www.unitedgeneral.org,David Walker,Procurement Officer Chief Technology Off,$10 mil to less than $25,806200,General Medical and Surgical Hospitals
Association of Washington Public Hospital Districts,411 Fortuyn Rd,Grand Coulee,WA,99133,Grant,http://www.awphd.org,Greg Behrens,Procurement Officer Chief Technology Off,,943100,Administration of Public Health Programs
Microsoft Corporation,1 Microsoft Way,Redmond,WA,98052,King,http://www.microsoft.com,Rachel Russell,Product Manager,$1 bil and above,737200,Prepackaged Software
Microsoft Corporation,1 Microsoft Way,Redmond,WA,98052,King,http://www.microsoft.com,Makoto Kijima,Product Manager,$1 bil and above,737200,Prepackaged Software
Agilent Technologies Inc,1615 75TH ST SW,EVERETT,WA,98203,Snohomish,http://www.agilent.com,Steve Lacourse,Product Manager,$1 bil and above,382500,Instruments for Measuring and Testing of Electricity and Electrical Signals
Microsoft Corporation,1 Microsoft Way,Redmond,WA,98052,King,http://www.microsoft.com,Jen Davidson,Product Manager,$1 bil and above,737200,Prepackaged Software
Microsoft Corporation,1 Microsoft Way,Redmond,WA,98052,King,http://www.microsoft.com,Joe O'Toole,Product Manager,$1 bil and above,737200,Prepackaged Software
Zones Inc,1102 15th St SW Ste 102,Auburn,WA,98001,King,http://www.zones.com,Scott Priest,Product Manager,$250 mil to less than $50,596100,Catalog and Mail-Order Houses
Microsoft Corporation,1 Microsoft Way,Redmond,WA,98052,King,http://www.microsoft.com,Robin Counts,Product Manager,$1 bil and above,737200,Prepackaged Software
Microsoft Corporation,1 Microsoft Way,Redmond,WA,98052,King,http://www.microsoft.com,Biju Venugopal,Product Manager,$1 bil and above,737200,Prepackaged Software
Microsoft Corporation,1 Microsoft Way,Redmond,WA,98052,King,http://www.microsoft.com,Kelli Cook,Product Manager,$1 bil and above,737200,Prepackaged Software
Microsoft Corporation,1 Microsoft Way,Redmond,WA,98052,King,http://www.microsoft.com,Roy Mason,Product Manager,$1 bil and above,737200,Prepackaged Software
Nordstrom Inc,1617 6th Ave,Seattle,WA,98101,King,http://www.shop.nordstrom.com,Shailesh Nayak,Programmer Analyst,$1 bil and above,565100,Family Clothing Stores
"The Hotel Group, Inc.",110 James St Ste 102,Edmonds,WA,98020,Snohomish,http://www.thehotelgroup.com,Morris Lindsay,Purchasing Agent,,679800,Real Estate Investment Trusts
"The Hotel Group, Inc.",110 James St Ste 102,Edmonds,WA,98020,Snohomish,http://www.thehotelgroup.com,Marli Adams,Purchasing Agent,,679800,Real Estate Investment Trusts
Sound Spring Inc,830 3rd Ave S,Kent,WA,98032,King,http://www.soundspringinc.com,Ladawna Wessling,Purchasing Agent,Less than $1 mil,349500,Wire Springs
Washington State Association of Fire Marshals,15670 NE 85th St,Redmond,WA,98052,King,http://www.wsafm.com,Dale Taylor,Purchasing Agent,Less than $1 mil,862100,Professional Membership Organizations
Weyerhaeuser Company,PO Box 9777,Federal Way,WA,98063,King,http://www.weyerhaeuser.com,Bud Montgomery,Purchasing Agent,$1 bil and above,81100,Timber Tracts
City of Seattle,700 5TH AVE,SEATTLE,WA,98104-5058,King,http://www.cityofseattle.net,David Stubblefield,Purchasing Agent,$10 mil to less than $25,911100,Executive Offices
Richmark Label,1110 E Pine St,Seattle,WA,98122,King,http://www.richmarklabel.com,Mark Mathieson,Purchasing Agent,$10 mil to less than $25,267200,"Coated and Laminated Paper, NEC"
"BUNCE RENTAL, INC.",4516 SOUTH TACOMA WAY,TACOMA,WA,98409,Pierce,http://www.buncerental.com,Mark Hafterson,Purchasing Agent,$5 mil to less than $10 m,735900,"Equipment Rental and Leasing, NEC"
Tyson Foods Inc.,PO BOX 4239,PASCO,WA,99302-4239,Franklin,http://www.tyson.com,Rob Fitzpatrick,Purchasing Agent,$1 bil and above,201100,Meat Packing Plants
"Ryan Snyder Associates, LLC",2901 3RD AVE STE 500,SEATTLE,WA,98121,King,http://www.rsa.cc,Mark Voiland,Purchasing Agent,Less than $1 mil,738900,"Business Services, NEC"
Washington Library Media Association,20420 68th Ave W,Lynnwood,WA,98036,Snohomish,http://www.wlma.org,Sandra Masterman,Purchasing Agent,Less than $1 mil,823100,Libraries
Ingersoll-Rand Company,PO BOX 80267,SEATTLE,WA,98108-0267,King,http://www.ingersollrand.com,Dinesh Parmar,Purchasing Agent,,362100,Motors and Generators
Healthcare Information and Management Systems Society,2001 E Madison St,Seattle,WA,98122,King,http://www.himss.org,Judy Johnson,Purchasing Agent,$25 mil to less than $50,862100,Professional Membership Organizations
Freestate Electrical Construction Company,8001 S 222ND ST,KENT,WA,98032,King,http://www.freestateelectric.com,Steve Schwit,Purchasing Agent,$10 mil to less than $25,173100,Electrical Work
Poulsbo RV,12218 HIGHWAY 99,EVERETT,WA,98204,Snohomish,http://www.poulsborv.com,Jim Elliott,Purchasing Agent,,556100,Recreational Vehicle Dealers
Tuthill Corporation,4401 S Orchard St,Tacoma,WA,98466,Pierce,http://www.tuthill.com,Terrance Hodge,Purchasing Agent,$250 mil to less than $50,351100,"Steam, Gas, and Hydraulic Turbines, and Turbine Generator Set Units"
Weyerhaeuser Company,33663 Weyerhaeuser Way S,Federal Way,WA,98001,King,http://www.weyerhaeuser.com,Norma Stidham,Purchasing Agent,$1 bil and above,81100,Timber Tracts
Gene Juarez Academy,3326 160th Ave Se Ste 400,Bellevue,WA,98008,King,http://www.genejuarez.com,Guy Lacey,Purchasing Agent,$50 mil to less than $100,723100,Beauty Shops
FirstGroup America,2300 KASCH PARK RD,EVERETT,WA,98204,Snohomish,http://www.firstgroupamerica.com,Tim Wagner,Purchasing Agent,$1 bil and above,415100,School Buses
NBBJ,223 Yale Ave N,Seattle,WA,98109,King,http://www.nbbj.com,Midge Nunnicut,Purchasing Agent,$25 mil to less than $50,871200,Architectural Services
OfficeMax Inc.,20202 84th Ave S,Kent,WA,98032,King,http://www.officemax.com,Greg Blazek,Purchasing Agent,$1 bil and above,511200,Stationery and Office Supplies
Newcastle Golf Club,15500 6 PENNY LN,NEWCASTLE,WA,98059,King,http://www.newcastlegolf.com,John Templin,Purchasing Agent,,799200,Public Golf Courses
Exotic Metals Forming Company,5411 S 226Th St,Kent,WA,98032,King,,Scott Spear,Purchasing Manager,$10 mil to less than $25,372800,"Aircraft Parts and Auxiliary Equipment, NEC"
Keeney's Office Plus,15020 NE 95TH ST,REDMOND,WA,98052,King,http://www.keeneysop.com,Vivien Djunaedi,Purchasing Manager,$5 mil to less than $10 m,594300,Stationery Stores
Bardahl,PO Box 70607,Seattle,WA,98127,King,http://www.bardahl.com,Bill Ronneberg,Purchasing Manager,,299200,Lubricating Oils and Greases
Applied Technical Services Corporation,6300 MERRILL CREEK PKWY,EVERETT,WA,98203,Snohomish,http://www.atscorp.net,Keith Forbes,Purchasing Manager,$25 mil to less than $50,367200,Printed Circuit Boards
Pacific Association for Medical Equipment Services,15110 NE 95TH ST # 101,REDMOND,WA,98052-2516,King,http://www.pames.org,Gamble Paula,Purchasing Manager,Less than $1 mil,861100,Business Associations
Covich & Williams Co Inc,5219 SHILSHOLE AVE NW,SEATTLE,WA,98107,King,http://www.covichwilliams.com,Dan Cone,Purchasing Manager,$10 mil to less than $25,517200,"Petroleum and Petroleum Products Wholesalers, Except Bulk Stations and Terminals"
USAF 92nd CES / CEOE Fairchild AFB,110 W ENT ST,FAIRCHILD AIR FORCE BASE,WA,99011,Spokane,,Thuylien Lampe,Purchasing Manager,,922400,Fire Protection
Washington State Association of Student Employment Administrators,2405 E COLLEGE WAY,MOUNT VERNON,WA,98273,Skagit,http://www.wsasea.org,Rozanne Smith,Purchasing Manager,,944100,"Administration of Social, Human Resource and Income Maintenance Programs"
City of Seattle,100 DEXTER AVE N,SEATTLE,WA,98109,King,http://www.cityofseattle.net,Michele Finnegan,Recreation Director,$10 mil to less than $25,911100,Executive Offices
Microsoft Corporation,1 Microsoft Way,Redmond,WA,98052,King,http://www.microsoft.com,Heather Tinguely,Recruiter,$1 bil and above,737200,Prepackaged Software
Microsoft Corporation,1 Microsoft Way,Redmond,WA,98052,King,http://www.microsoft.com,Tameiko Davis,Recruiter,$1 bil and above,737200,Prepackaged Software
Microsoft Corporation,1 Microsoft Way,Redmond,WA,98052,King,http://www.microsoft.com,Marc Tolan,Recruiter,$1 bil and above,737200,Prepackaged Software
Microsoft Corporation,1 Microsoft Way,Redmond,WA,98052,King,http://www.microsoft.com,Tania Copeland,Recruiter,$1 bil and above,737200,Prepackaged Software
Microsoft Corporation,1 Microsoft Way,Redmond,WA,98052,King,http://www.microsoft.com,Trudy Daly,Recruiter,$1 bil and above,737200,Prepackaged Software
Microsoft Corporation,1 Microsoft Way,Redmond,WA,98052,King,http://www.microsoft.com,Cindy Parrish,Recruiter,$1 bil and above,737200,Prepackaged Software
Microsoft Corporation,1 Microsoft Way,Redmond,WA,98052,King,http://www.microsoft.com,Angie Sartori,Recruiter,$1 bil and above,737200,Prepackaged Software
Microsoft Corporation,1 Microsoft Way,Redmond,WA,98052,King,http://www.microsoft.com,Anthony Palumbo,Recruiter,$1 bil and above,737200,Prepackaged Software
"Gerler & Son, Inc / Online Shoes",1730 Minor Ave Ste 700,Seattle,WA,98101,King,,Peter Ceccarelli,Recruiter,,566100,Shoe Stores
U.S. Bank,5580 PACIFIC HWY E STE A,FIFE,WA,98424-2500,Pierce,http://www.usbank.com,Michael Cruz,Recruiter,$1 bil and above,602100,National Commercial Banks
Microsoft Corporation,1 Microsoft Way,Redmond,WA,98052,King,http://www.microsoft.com,Carrol Ogden,Recruiting Manager,$1 bil and above,737200,Prepackaged Software
Washington State University,PO BOX 646392,PULLMAN,WA,99164,Whitman,,Marc Bates,Sales & Marketing Manager,,541100,Grocery Stores
Zones Inc,1102 15th St SW Ste 102,Auburn,WA,98001,King,http://www.zones.com,Dawn Douglas,Sales Executive,$250 mil to less than $50,596100,Catalog and Mail-Order Houses
Zones Inc,1102 15th St SW,Auburn,WA,98001,King,http://www.zones.com,Christian Lewison,Sales Manager,$250 mil to less than $50,596100,Catalog and Mail-Order Houses
Zones Inc,1102 15TH ST SW STE 254,Auburn,WA,98001-6524,King,http://www.zones.com,Donna Stanley,Sales Marketing Business D,$250 mil to less than $50,596100,Catalog and Mail-Order Houses
Pearson Packaging Systems,8120 W Sunset Hwy,Spokane,WA,99224,Spokane,http://www.pearsonpkg.com,Scott Germond,Senior Design Engineer,$25 mil to less than $50,356500,Packaging Machinery
Providence Health System,506 2nd Ave Ste 1200,Seattle,WA,98104,King,http://www.providence.org,Linda Stent,Senior Recruiter,$1 bil and above,806200,General Medical and Surgical Hospitals
Liberty Mutual Inc,1001 4TH AVE,SEATTLE,WA,98154-1119,King,http://www.libertymutual.com,Alida Lopez,Senior Recruiter,$1 bil and above,633100,"Fire, Marine, and Casualty Insurance"
Weyerhaeuser Company,PO BOX 130,BELLEVUE,WA,98009,King,http://www.weyerhaeuser.com,Wally Costello,Senior Vice President,$1 bil and above,81100,Timber Tracts
"Expedia, Inc.",3150 139th Ave Se,Bellevue,WA,98005,King,http://www.expedia.com,David Jorgensen,Software Design Engineer,$1 bil and above,472400,Travel Agencies
Microsoft Corporation,1 MICROSOFT WAY STE 1106,REDMOND,WA,98052,King,http://www.microsoft.com,Tao Wang,Software Design Engineer,$1 bil and above,737200,Prepackaged Software
Microsoft Corporation,1 MICROSOFT WAY # 503071,REDMOND,WA,98052,King,http://www.microsoft.com,Weidong Zhao,Software Design Engineer,$1 bil and above,737200,Prepackaged Software
Nordstrom Inc,1700 7TH AVE,Seattle,WA,98101,King,http://www.shop.nordstrom.com,Gina Cox,Senior Programmer Analyst,$1 bil and above,565100,Family Clothing Stores
Microsoft Corporation,1 Microsoft Way,Redmond,WA,98052,King,http://www.microsoft.com,Katie Thwing,Staffing Manager,$1 bil and above,737200,Prepackaged Software
WASHINGTON STATE PUBLIC HEALTH ASSOCIATION INC,908 10th Ave SW,Quincy,WA,98848,Grant,http://www.wspha.org,Anthony Gonzalez,Senior Vice President IT,Less than $1 mil,839900,"Social Services, NEC"
The Walt Disney Co.,925 4TH AVE STE 1600,SEATTLE,WA,98104,King,http://www.disney.go.com,Colin Moloney,System Administrator,$1 bil and above,483300,Television Broadcasting Stations
Veterans Health Administration,1660 S COLUMBIAN WAY,SEATTLE,WA,98108,King,,Joan Evans,Technical Director,$1 mil to less than $5 mi,809200,Kidney Dialysis Centers
Microsoft Corporation,1 Microsoft Way,Redmond,WA,98052,King,http://www.microsoft.com,Steve Luper,Technical Product Manager,$1 bil and above,737200,Prepackaged Software
Catholic Health Initiatives,34515 9Th Ave S,Federal Way,WA,98003,King,http://www.catholichealthinit.org,David Lawson,Vice President Human Resources,$10 mil to less than $25,806200,General Medical and Surgical Hospitals
Elliott Bay Book Company,101 S MAIN ST,Seattle,WA,98104-2515,King,http://www.elliottbaybook.com,Rick Simonson,Vice President Information Systems,$1 mil to less than $5 mi,594200,Book Stores
Wurts & Associates Inc,999 3RD AVE STE 4200,SEATTLE,WA,98104,King,http://www.wurts.com,James Hardesty,Vice President IT,,628200,Investment Advice
Ocean Beach Hospital,PO Box H,Ilwaco,WA,98624,Pacific,http://www.oceanbeachhospital.net,Gary Jacobsen,Vice President Engineering,$10 mil to less than $25,806200,General Medical and Surgical Hospitals
Nordstrom Inc,1617 6th Ave,Seattle,WA,98101,King,http://www.shop.nordstrom.com,Michelle Buzzoni,Vice President Finance,$1 bil and above,565100,Family Clothing Stores
U.S. Geological Survey,6505 NE 65TH ST,Seattle,WA,98115,King,http://www.usgs.gov,Gail Sauer,Admin Operations Assistant,$1 mil to less than $5 mi,871300,Surveying Services
Washington State Department,1310 Jefferson St SE,Olympia,WA,98501,Thurston,http://www.wa.gov,Connie Robins,Assistant Director Management Division,,951100,Air and Water Resource and Solid Waste Management
Swedish Medical Center,747 BROADWAY,SEATTLE,WA,98122-4379,King,http://www.swedish.org,Brooke Brown,Assistant to the Director of Human Resources Operations,$1 bil and above,806200,General Medical and Surgical Hospitals
Alaska Railroad Corporation,610 E 5TH ST # HFL-17,VANCOUVER,WA,98661-3801,Clark,http://www.alaskarailroad.com,Khoa Nguyen,Bridge Design Engineer,$100 mil to less than $25,401100,"Railroads, Line-haul Operating"
Kadlec Medical Center,888 Swift Blvd,Richland,WA,99352,Benton,http://www.kadlecmed.org,Elhami Hannan,Chief Of Internal Medicine,$250 mil to less than $50,806200,General Medical and Surgical Hospitals
Nikkei Concerns,1601 E Yesler Way,Seattle,WA,98122,King,,Zoltan Krnacs,Chief Purchasing Officer,,805100,Skilled Nursing Care Facilities
Devdesk,17802 134TH AVE NE STE 20,WOODINVILLE,WA,98072-8807,King,,Chris Bowman,CIO Chief Technology Officer Vice President Directory,Less than $1 mil,737100,Computer Programming Services
Alaska Railroad Corporation,610 E 5TH ST # HFL-17,VANCOUVER,WA,98661,Clark,http://www.alaskarailroad.com,Stephen Chapman,Design Quality And Safety Engineer,$100 mil to less than $25,401100,"Railroads, Line-haul Operating"
City of Seattle,700 5TH AVE,Seattle,WA,98104,King,http://www.cityofseattle.net,Bernard Ziemianek,Director Energy Delivery Operations,$10 mil to less than $25,911100,Executive Offices
WASHINGTON STATE PUBLIC HEALTH ASSOCIATION INC,157 S HOWARD ST STE 400,SPOKANE,WA,99201-4421,Spokane,http://www.wspha.org,Mark Vogelsang,Director-Administration,Less than $1 mil,839900,"Social Services, NEC"
City of Seattle,700 5TH AVE STE 3300,SEATTLE,WA,98104,King,http://www.cityofseattle.net,Kelly Enright,Director Customer Service,$10 mil to less than $25,911100,Executive Offices
Washington State Health Information Management Association,800 W 5TH AVE,Spokane,WA,99204,Spokane,http://www.wshima.org,Ann Armstrong,Director Health Information Management,Less than $1 mil,809900,"Health and Allied Services, NEC"
Microsoft Corporation,ONE MICROSOFT WAY,REDMOND,WA,98052,King,http://www.microsoft.com,Marie Hardy,"Director, Human Resources Org Capabili",$1 bil and above,737200,Prepackaged Software
Microsoft Corporation,1 Microsoft Way,Redmond,WA,98052,King,http://www.microsoft.com,Laura Krueger,Director of Diversity Recruiting,$1 bil and above,737200,Prepackaged Software
Washington State Health Information Management Association,5633 N LIDGERWOOD ST,SPOKANE,WA,99208-1224,Spokane,http://www.wshima.org,Jean Carmen,Director of HIM,Less than $1 mil,809900,"Health and Allied Services, NEC"
The Walt Disney Co.,925 4TH AVE STE 1600,SEATTLE,WA,98104,King,http://www.disney.go.com,Anne Derry,Director Program Management,$1 bil and above,483300,Television Broadcasting Stations
Swedish Medical Center,747 BROADWAY,SEATTLE,WA,98122-4379,King,http://www.swedish.org,Cary Natiello,"Director, Strategic Human Resources Partners and Labor Rel",$1 bil and above,806200,General Medical and Surgical Hospitals
Washington State Association of Student Employment Administrators,505 5TH AVE S STE 900,SEATTLE,WA,98104,King,http://www.wsasea.org,David Tweedy,Engineer,,944100,"Administration of Social, Human Resource and Income Maintenance Programs"
Vector Marketing Corporation,33222 44TH AVE S,FEDERAL WAY,WA,98001-5144,King,http://www.vectormarketing.com,Howard Mostrom,Engineer,$100 mil to less than $25,596100,Catalog and Mail-Order Houses
City of Seattle,PO BOX 34018,SEATTLE,WA,98124,King,http://www.cityofseattle.net,Elizabeth Meyer,Engineering Division Director,$10 mil to less than $25,911100,Executive Offices
The Walt Disney Co.,506 2ND AVE,SEATTLE,WA,98104,King,http://www.disney.go.com,Graham Naeseth,Enterprise Automation System Engineer,$1 bil and above,483300,Television Broadcasting Stations
Microsoft Corporation,1 Microsoft Way,Redmond,WA,98052,King,http://www.microsoft.com,Vineet Parmar,Exchange Product Marketing Manager,$1 bil and above,737200,Prepackaged Software
REI,6750 S 228TH ST,KENT,WA,98032-4803,King,http://www.rei.com,David Splinter,Human Resources Information Technology,,594100,Sporting Goods Stores and Bicycle Shops
REI,6750 S 228TH ST,Kent,WA,98032,King,http://www.rei.com,Paula Brogran,Information Systems Purchasing,,594100,Sporting Goods Stores and Bicycle Shops
Spokane Transit Authority,PO BOX 2686,SPOKANE,WA,99220-2686,Spokane,http://www.spokanetransit.com,Palmer Wharton,Database Administrator / IS Manager,$1 mil to less than $5 mi,411100,Local and Suburban Transit
Grays Harbor College,1620 Edward P Smith Dr,Aberdeen,WA,98520,Grays Harbor,http://www.ghc.ctc.edu,Richard Wenke,Information Technology Applications Specialist,$10 mil to less than $25,822100,"Colleges, Universities, and Professional Schools"
Small Business Development Center,2011 Mottman Rd Sw,Tumwater,WA,98512,Thurston,http://www.sbdc.com.au,Eric Greiff,Information Technology Specialist IV,Less than $1 mil,874800,"Business Consulting Services, NEC"
Symetra Financial,777 108TH AVE NE STE 1200,BELLEVUE,WA,98004-5135,King,http://www.symetra.com,Shonda Cochran,Manager Human Resources Operations,$1 bil and above,631100,Life Insurance
Stevens Hospital,21601 76th Ave W,Edmonds,WA,98026,Snohomish,http://www.stevenshealthcare.org,Rick Storch,Manager Of Biomedical Engineering,Less than $1 mil,806200,General Medical and Surgical Hospitals
Washington Municipal Clerks Association,PO BOX 5008,LYNNWOOD,WA,98046,Snohomish,http://www.wmcaclerks.org,Sarah Olson,Marketing & Events Supvsr,,911100,Executive Offices
VML Inc,221 yale ave n,Seattle,WA,98109,King,http://www.vml.com,Pia Bollinger,Marketing Research,$50 mil to less than $100,731100,Advertising Agencies
Zones Inc,1102 15th St SW Ste 102,Auburn,WA,98001,King,http://www.zones.com,Kecia Cole,Program Manager Creative Software,$250 mil to less than $50,596100,Catalog and Mail-Order Houses
Microsoft Corporation,1 Microsoft Way,Redmond,WA,98052,King,http://www.microsoft.com,Esad Suskic,Research And Technical Program Manager,$1 bil and above,737200,Prepackaged Software
Intermec Inc.,6001 36th Ave W,Everett,WA,98203,Snohomish,http://www.intermec.com,Randall Birkwood,Senior Director of Talent Acquisition,$500 mil to less than $1,357700,"Computer Peripheral Equipment, NEC"
Washington State Business,814 4TH AVE E,OLYMPIA,WA,98506,Thurston,http://www.choosewashington.com,Bill Stewart,Senior Managing Director Trade,,953100,Administration of Housing Programs
Kitsap County,614 DIVISION ST,Port Orchard,WA,98366,Kitsap,http://www.kitsapgov.com,Kristina Nelson,Senior Program Manager Engineering,,911100,Executive Offices
Microsoft Corporation,1 Microsoft Way,Redmond,WA,98052,King,http://www.microsoft.com,Jim Lucey,Senior Technical Product Manager,$1 bil and above,737200,Prepackaged Software
Microsoft Corporation,5415 PHINNEY AVE N,SEATTLE,WA,98103-6031,King,http://www.microsoft.com,Ahmet Can,Software Design Engineer T,$1 bil and above,737200,Prepackaged Software
Microsoft Corporation,1 Microsoft Way,Redmond,WA,98052,King,http://www.microsoft.com,Bryan Young,Software Design Engineer Test,$1 bil and above,737200,Prepackaged Software
Sybari Software Inc,ONE MICROSOFT WAY,REDMOND,WA,98052,King,http://www.sybari.com,Terek Soner,Software Engineering Architect Exchange,$10 mil to less than $25,737200,Prepackaged Software
Honeywell International Inc,15001 NE 36th ST,Redmond,WA,98052,King,http://www.honeywell.com,Erik Engstrom,Senior Design Engineer,$1 bil and above,372400,Aircraft Engines and Engine Parts
Microsoft Corporation,1 Microsoft Way,Redmond,WA,98052,King,http://www.microsoft.com,Prasanna Jayapal,Senior Software Design Engineer,$1 bil and above,737200,Prepackaged Software
"Expedia, Inc.",333 108Th Ave NE,Bellevue,WA,98004,King,http://www.expedia.com,Jerome De Beru,Supplier Relations Director France,$1 bil and above,472400,Travel Agencies
Washington Correctional Association,PO BOX 888,MONROE,WA,98272,Snohomish,http://www.wca2.org,Mindee Roberts,Supply Control Tech,,922300,Correctional Institutions
Microsoft Corporation,1 Microsoft Way,Redmond,WA,98052,King,http://www.microsoft.com,Ahmed Bisht,Software Design Engineer Test,$1 bil and above,737200,Prepackaged Software
The Seattle Times Company,1120 John St,Seattle,WA,98109,King,http://www.seattletimes.com,Jim Parry,Systems Management Admin,$25 mil to less than $50,271100,"Newspapers: Publishing, or Publishing and Printing"
Microsoft Corporation,1 Microsoft Way,Redmond,WA,98052,King,http://www.microsoft.com,Lori Pytlik,Tech Sales Program Manager,$1 bil and above,737200,Prepackaged Software
Microsoft Corporation,1 Microsoft Way,Redmond,WA,98052,King,http://www.microsoft.com,Ann Vu,Technical Product Manager Online,$1 bil and above,737200,Prepackaged Software
Microsoft Corporation,1 Microsoft Way,Redmond,WA,98052,King,http://www.microsoft.com,Dave Wagner,Technical Program Manager,$1 bil and above,737200,Prepackaged Software
HDR Inc,500 108th Ave ne,Bellevue,WA,98004,King,http://www.hdrinc.com,Eric Mead,Waste Market Sector Leader,$1 bil and above,871200,Architectural Services
EJB Facility Services,1038 SKATE ST,SILVERDALE,WA,98315,Kitsap,,John Spears,Waste Water Systems Operator,Less than $1 mil,899900,"Services, NEC"
Columbia Basin Health Association,140 E MAIN ST,Othello,WA,99344,Adams,http://www.cbha.org,Aleta Cheek,Doctor Of Dental Surgery,$25 mil to less than $50,801100,Offices and Clinics of Doctors of Medicine
Community Hlth Asoc of Spokane,3919 N Maple St,Spokane,WA,99205,Spokane,,Anmarie Giddings,Doctor Of Dental Surgery,,801100,Offices and Clinics of Doctors of Medicine
Google Inc,720 4TH AVE STE 400,KIRKLAND,WA,98033,King,http://www.google.com,April Yu,Project Manager Benefits,$1 bil and above,737500,Information Retrieval Services
The Doctors Clinic,2200 NW Myhre Rd,Silverdale,WA,98383,Kitsap,http://www.thedoctorsclinic.com,John Bartow,Doctor Of Optometry,$1 mil to less than $5 mi,801100,Offices and Clinics of Doctors of Medicine
The Doctors Clinic,2512 Wheaton Way,Bremerton,WA,98310,Kitsap,http://www.thedoctorsclinic.com,Benjamin Sy,Doctor Of Medicine,$1 mil to less than $5 mi,801100,Offices and Clinics of Doctors of Medicine
The Doctors Clinic,2200 NW Myhre Rd,Silverdale,WA,98383,Kitsap,http://www.thedoctorsclinic.com,Brian Wicks,Doctor Of Medicine,$1 mil to less than $5 mi,801100,Offices and Clinics of Doctors of Medicine
City of Seattle,600 4th Ave,Seattle,WA,98104,King,http://www.cityofseattle.net,Carmalinda Thompson,City Buyer,$10 mil to less than $25,911100,Executive Offices
Esterline Technologies Corporation,500 108th Ave NE Ste 1500,Bellevue,WA,98004,King,http://www.esterline.com,Caroline Cavallo,Sales Administration Departm,$1 bil and above,382300,"Industrial Instruments for Measurement, Display, and Control of Process Variables; and Related Products"
Microsoft Corporation,1 Microsoft Way,Redmond,WA,98052,King,http://www.microsoft.com,Carol Whitfield,Global Talent Acquisition Dev Lead,$1 bil and above,737200,Prepackaged Software
The Doctors Clinic,2200 NW Myhre Rd,Silverdale,WA,98383,Kitsap,http://www.thedoctorsclinic.com,Carolyn Happ,Doctor Of Medicine,$1 mil to less than $5 mi,801100,Offices and Clinics of Doctors of Medicine
The Doctors Clinic,2200 NW Myhre Rd,Silverdale,WA,98383,Kitsap,http://www.thedoctorsclinic.com,Christopher Olch,Doctor Of Medicine,$1 mil to less than $5 mi,801100,Offices and Clinics of Doctors of Medicine
The Doctors Clinic,2200 NW Myhre Rd,Silverdale,WA,98383,Kitsap,http://www.thedoctorsclinic.com,Christopher Rankin,Doctor Of Medicine,$1 mil to less than $5 mi,801100,Offices and Clinics of Doctors of Medicine
"Ryan Snyder Associates, LLC",2901 3RD AVE STE 500,SEATTLE,WA,98121-3014,King,http://www.rsa.cc,Christopher Cohen,Buyer III,Less than $1 mil,738900,"Business Services, NEC"
Microsoft Corporation,1 Microsoft Way,Redmond,WA,98052,King,http://www.microsoft.com,Danielle Aronstam,Associate Product Manager Mob,$1 bil and above,737200,Prepackaged Software
Building Owners and Managers Association,7707 DETROIT AVE SW,SEATTLE,WA,98106,King,http://www.boma.org,David Tague,Services Purchasing Manager,Less than $1 mil,869900,"Membership Organizations, NEC"
Zones Inc,1102 15th St SW Ste 102,Auburn,WA,98001,King,http://www.zones.com,Donna Martin,Sales Representative,$250 mil to less than $50,596100,Catalog and Mail-Order Houses
Snohomish County,3000 Rockefeller Ave,Everett,WA,98201,Snohomish,,Don Wolfe,Purchasing Agent Buyer,,911100,Executive Offices
The Doctors Clinic,2512 Wheaton Way,Bremerton,WA,98310,Kitsap,http://www.thedoctorsclinic.com,Gregory Hoisington,Doctor Of Optometry,$1 mil to less than $5 mi,801100,Offices and Clinics of Doctors of Medicine
City of Seattle,PO BOX 94747,SEATTLE,WA,98124,King,http://www.cityofseattle.net,Hall Walker,Deputy Finance Director,$10 mil to less than $25,911100,Executive Offices
Microsoft Corporation,1 Microsoft Way,Redmond,WA,98052,King,http://www.microsoft.com,Heidi Helgeson,Mba Recruiting Team,$1 bil and above,737200,Prepackaged Software
Columbia Basin Health Association,140 E MAIN ST,Othello,WA,99344,Adams,http://www.cbha.org,Ian Fuger,Doctor Of Dental Surgery,$25 mil to less than $50,801100,Offices and Clinics of Doctors of Medicine
Microsoft Corporation,1 Microsoft Way,Redmond,WA,98052,King,http://www.microsoft.com,Issa Khoury,Product Manager Mobile Embedded Devices,$1 bil and above,737200,Prepackaged Software
Westside Motorsports,PO BOX 19227,SPOKANE,WA,99219,Spokane,http://www.westsideracing.com,Jacklyn Riordan,General Manager Assistant Advertising,$5 mil to less than $10 m,557100,Motorcycle Dealers
Microsoft Corporation,1 MICROSOFT WAY BLDG 22 # 5073,REDMOND,WA,98052,King,http://www.microsoft.com,Jorge Pulido,Senior Product Manager,$1 bil and above,737200,Prepackaged Software
Us Digital Corp,1400 NE 136TH AVE,VANCOUVER,WA,98684,Clark,http://www.usdigital.com,James Stevens,New Product Design Engineer,,369500,Magnetic and Optical Recording Media
"Watermark Estate Management Services, LLC",5501 LAKEVIEW DR,KIRKLAND,WA,98033,King,http://www.watermark-llc.com,Jonathan Hummer,Physical Security Manager,,999900,Nonclassifiable Establishments
The Doctors Clinic,2512 Wheaton Way,Bremerton,WA,98310,Kitsap,http://www.thedoctorsclinic.com,Julie McMillan,Doctor Of Medicine,$1 mil to less than $5 mi,801100,Offices and Clinics of Doctors of Medicine
Microsoft Corporation,1 Microsoft Way,Redmond,WA,98052,King,http://www.microsoft.com,Kelly McGill,Global Human Resources Leader,$1 bil and above,737200,Prepackaged Software
Zetec Inc,8226 Bracken Pl Se,Snoqualmie,WA,98065,King,http://www.zetec.com,Kim Burris,Purchasing Lead,$5 mil to less than $10 m,382900,"Measuring and Controlling Devices, NEC"
Symetra Financial,777 108th Ave NE Ste 1200,Bellevue,WA,98004,King,http://www.symetra.com,Kristen Mueller,Human Resources Relationship Manager,$1 bil and above,631100,Life Insurance
Microsoft Corporation,1 Microsoft Way,Redmond,WA,98052,King,http://www.microsoft.com,Lillian Eng,Associate Product Manager,$1 bil and above,737200,Prepackaged Software
Microsoft Corporation,1 Microsoft Way,Redmond,WA,98052,King,http://www.microsoft.com,Mark Quirk,Uk Web Product Manager,$1 bil and above,737200,Prepackaged Software
Microsoft Corporation,ONE MICROSOFT WAY,REDMOND,WA,98052,King,http://www.microsoft.com,Mike Asbery,Human Resources Bsusines Partner,$1 bil and above,737200,Prepackaged Software
Simpson General Hospital,11830 NE 8Th St,Bellevue,WA,98005-3007,King,http://www.simpsongeneralhospital.com,Matt Anderson,Parts And Purchasing,$5 mil to less than $10 m,806200,General Medical and Surgical Hospitals
Microsoft Corporation,1 Microsoft Way,Redmond,WA,98052,King,http://www.microsoft.com,Mark Breer,Manager Global Retirement Benefits,$1 bil and above,737200,Prepackaged Software
Morton General Hospital,PO BOX 1138,MORTON,WA,98356,Lewis,http://www.mortongeneral.org,Michelle Cournyer,Physician Recruiter,,806200,General Medical and Surgical Hospitals
City of Seattle,700 5TH AVE,Seattle,WA,98104,King,http://www.cityofseattle.net,Melina Thung,Finance And Administration Deputy Superi,$10 mil to less than $25,911100,Executive Offices
The Doctors Clinic,2512 Wheaton Way,Bremerton,WA,98310,Kitsap,http://www.thedoctorsclinic.com,Melissa Rankin,Doctor Of Medicine,$1 mil to less than $5 mi,801100,Offices and Clinics of Doctors of Medicine
The Doctors Clinic,2512 Wheaton Way,Bremerton,WA,98310,Kitsap,http://www.thedoctorsclinic.com,Michael Hedewald,Doctor Of Medicine,$1 mil to less than $5 mi,801100,Offices and Clinics of Doctors of Medicine
The Doctors Clinic,2512 Wheaton Way,Bremerton,WA,98310,Kitsap,http://www.thedoctorsclinic.com,Michael Hegewald,Doctor Of Medicine,$1 mil to less than $5 mi,801100,Offices and Clinics of Doctors of Medicine
The Doctors Clinic,2512 Wheaton Way,Bremerton,WA,98310,Kitsap,http://www.thedoctorsclinic.com,Michelle Montalbano,Doctor Of Medicine,$1 mil to less than $5 mi,801100,Offices and Clinics of Doctors of Medicine
Washington State Association of Fire Marshals,PO BOX 97010,REDMOND,WA,98073,King,http://www.wsafm.com,Mason Skinner,Senior Commodity Buyer,Less than $1 mil,862100,Professional Membership Organizations
"T-Mobile USA, Inc.",12920 SE 38Th St,Bellevue,WA,98006,King,http://www.www-t-mobile.com,Nick Arbiter,Security Manager,$1 bil and above,481200,Radiotelephone Communications
Microsoft Corporation,1 MICROSOFT WAY,REDMOND,WA,98052-6399,King,http://www.microsoft.com,Pramukh Jeyathilak,Regional Human Resources Lead,$1 bil and above,737200,Prepackaged Software
Microsoft Corporation,1 Microsoft Way,Redmond,WA,98052,King,http://www.microsoft.com,Rajeev Agarwal,Product Manager Exchg Server Marketing,$1 bil and above,737200,Prepackaged Software
Microsoft Corporation,1 Microsoft Way,Redmond,WA,98052,King,http://www.microsoft.com,Rob Willams,Product Manager Desktop Virtualization,$1 bil and above,737200,Prepackaged Software
The Doctors Clinic,2512 Wheaton Way,Bremerton,WA,98310,Kitsap,http://www.thedoctorsclinic.com,Robert Rubenstein,Doctor Of Medicine,$1 mil to less than $5 mi,801100,Offices and Clinics of Doctors of Medicine
The Doctors Clinic,2200 NW Myhre Rd,Silverdale,WA,98383,Kitsap,http://www.thedoctorsclinic.com,Robert Sudduth,Doctor Of Medicine,$1 mil to less than $5 mi,801100,Offices and Clinics of Doctors of Medicine
City of Seattle,PO BOX 34018,SEATTLE,WA,98124,King,http://www.cityofseattle.net,Sherri Crawford,Finance Division Deputy Director,$10 mil to less than $25,911100,Executive Offices
The Doctors Clinic,2200 NW Myhre Rd,Silverdale,WA,98383,Kitsap,http://www.thedoctorsclinic.com,Spencer Root,Doctor Of Medicine,$1 mil to less than $5 mi,801100,Offices and Clinics of Doctors of Medicine
Microsoft Corporation,1 Microsoft Way,Redmond,WA,98052,King,http://www.microsoft.com,Steve Porter,Manager Category Partner Recruiting,$1 bil and above,737200,Prepackaged Software
The Doctors Clinic,2512 Wheaton Way,Bremerton,WA,98310,Kitsap,http://www.thedoctorsclinic.com,Steven Bennett,Doctor Of Medicine,$1 mil to less than $5 mi,801100,Offices and Clinics of Doctors of Medicine
Texas Association for Healthcare Quality,1660 S columbian Way,Seattle,WA,98108,King,http://www.txquality.org,Sweden De Mattas,Hipaa Compliance Director,$1 mil to less than $5 mi,862100,Professional Membership Organizations
Microsoft Corporation,1 Microsoft Way,Redmond,WA,98052,King,http://www.microsoft.com,Teresa Conte,Product Manager Msnmsn Mobile,$1 bil and above,737200,Prepackaged Software
"Gerler & Son, Inc / Online Shoes",1730 Minor Ave Ste 700,Seattle,WA,98101,King,,Tom Papahronis,Network Operations Manager,,566100,Shoe Stores
Zones Inc,1102 15th St SW Ste 102,Auburn,WA,98001,King,http://www.zones.com,Tracy Harris,Purchasing Expeditor,$250 mil to less than $50,596100,Catalog and Mail-Order Houses
"T-Mobile USA, Inc.",12920 SE 38Th St,Bellevue,WA,98006,King,http://www.www-t-mobile.com,Vicki Sanders,Sap Security Administration,$1 bil and above,481200,Radiotelephone Communications
Microsoft Corporation,1 Microsoft Way,Redmond,WA,98052,King,http://www.microsoft.com,Wendy Lew,Mba Recruiting Manager,$1 bil and above,737200,Prepackaged Software
The Doctors Clinic,2512 Wheaton Way,Bremerton,WA,98310,Kitsap,http://www.thedoctorsclinic.com,William Halligan,Doctor Of Medicine,$1 mil to less than $5 mi,801100,Offices and Clinics of Doctors of Medicine
"Columbia Banking System, Inc.",1301 A St,Tacoma,WA,98402,Pierce,http://www.columbiabank.com,Craig Chance,CIO,$100 mil to less than $25,602200,State Commercial Banks
Kennewick General Hospital,18 N AUBURN ST,KENNEWICK,WA,99336-3807,Benton,http://www.kennewickgeneral.com,Becky Fulfs,CIO,Less than $1 mil,806200,General Medical and Surgical Hospitals
Microsoft Corporation,One Microsoft Way,Redmond,WA,98052,King,http://www.microsoft.com,Eric Brechner,Director of Engineering Learning and Development - Microsoft Corporation. He,$1 bil and above,737200,Prepackaged Software
Microsoft Corporation,One Microsoft Way,Redmond,WA,98052-7329,King,http://www.microsoft.com,Elke Jorens,Human Resources Director,$1 bil and above,737200,Prepackaged Software
Microsoft Corporation,One Microsoft Way,Redmond,WA,98052-7329,King,http://www.microsoft.com,Paula Lee,Program Manager,$1 bil and above,737200,Prepackaged Software
REI,6750 S. 228th St.,Kent,WA,98032,King,http://www.rei.com,Kathy Nemmers,Director-Human Resources,,594100,Sporting Goods Stores and Bicycle Shops
Cray Inc.,411 1st Ave. South Ste. 600,Seattle,WA,98104,King,http://www.cray.com,Brian Henry,Executive Vice President and Chief Financial Officer,$250 mil to less than $50,357100,Electronic Computers
Getty Images Inc,601 N 34th St,Seattle,WA,98103-8603,King,http://www.gettyimages.com,Thomas Hauge,Chief Information Officer,,733500,Commercial Photography
Microsoft Corporation,1 Microsoft Way,Redmond,WA,98052-6399,King,http://www.microsoft.com,Belgin Ertam,Human Resources Director,$1 bil and above,737200,Prepackaged Software
REID Property Management LLC,9564 Silverdale Way #204,Silverdale,WA,98383,Kitsap,http://www.reidpm.com,Misty Tally,Professional Residental Property Manager,,653100,Real Estate Agents and Managers
Jeff's Auto Repair,21701 HIGHWAY 99 STE A,Lynnwood,WA,98036-7346,Snohomish,http://www.jeffsauto.com,Jeff Gietzen,President,,753800,General Automotive Repair Shops
North County Bank,16419 SMOKEY POINT BLVD,ARLINGTON,WA,98223-8405,Snohomish,http://www.northcountybank.com,Lloyd Erickson,"Senior Vice President, Chief Financial",$10 mil to less than $25,602200,State Commercial Banks
Grant County,35 C ST NW,Ephrata,WA,98823-1685,Grant,,Jeff Bush,Director Information Technology Support,,911100,Executive Offices
Aqua Star,2025 1ST AVE STE 200,Seattle,WA,98121-3124,King,http://www.aquastar.com,Hugh Holman,Chief Information Officer,,514600,Fish and Seafoods
REI,6750 South 228th Street,Kent,WA,98032,King,http://www.rei.com,James Denyer,Data Security Manager,,594100,Sporting Goods Stores and Bicycle Shops
Washington State Department,605 E 11Th,Olympia,WA,98504-0001,Thurston,http://www.wa.gov,Jeff Sprehn,Information Technology Director,,951100,Air and Water Resource and Solid Waste Management
The Walt Disney Co.,506 2ND AVE STE 2100,Seattle,WA,98104-2300,King,http://www.disney.go.com,Jean Rynearson,Data Warehouse Engineer,$1 bil and above,483300,Television Broadcasting Stations
Microsoft Corporation,One Microsoft Way Redmond WA 98052 United States of America,Seattle,WA,98101,King,http://www.microsoft.com,Ada Agrait,Training Manager,$1 bil and above,737200,Prepackaged Software
Group Health Incorporated,12400 E Marginal Way S,Tukwila,WA,98168-2559,King,http://www.ghc.org,Jim Carlson,"Director, Pharmacy Administration",$1 mil to less than $5 mi,874100,Management Services
Verity Credit Union,11027 Meridian Ave N,Seattle,WA,98133,King,http://www.veritycu.com,Sherry Steckly,"Executive Vice President And Audit, Global Markets Group",$25 mil to less than $50,606100,"Credit Unions, Federally Chartered"
Microsoft Corporation,14112 NE 78TH CT,Redmond,WA,98052-4183,King,http://www.microsoft.com,Angelo Vals,Program Manager,$1 bil and above,737200,Prepackaged Software
"T-Mobile USA, Inc.",12920 SE 38Th St,Bellevue,WA,98006,King,http://www.www-t-mobile.com,Alex Torres,Marketing Executive,$1 bil and above,481200,Radiotelephone Communications
Accessor Funds Inc,1420 5th Ave,Seattle,WA,98101-4087,King,http://www.accessor.com,Nathan Rowader,Chief Information Officer,Less than $1 mil,672200,"Management Investment Offices, Open-End"
Nordstrom Inc,1700 7th Ave,Seattle,WA,98101,King,http://www.shop.nordstrom.com,Carmel Tanner,"Director, Excise Tax",$1 bil and above,565100,Family Clothing Stores
Nordstrom Inc,1700 7th Ave,Seattle,WA,98101,King,http://www.shop.nordstrom.com,Randy Kanai,Finance Reporting Manager,$1 bil and above,565100,Family Clothing Stores
City of Seattle,700 Fifth Ave. Suite 4180,Seattle,WA,98124-4996,King,http://www.cityofseattle.net,Trevina Wang,Strategic Advisor,$10 mil to less than $25,911100,Executive Offices
SHOES-n-FEET Company,15015 Main St.,Bellevue,WA,98007,King,http://www.shoesnfeet.com,Jb Smith,Director of Marketing,Less than $1 mil,566100,Shoe Stores
Weyerhaeuser Company,33663 WEYERHAEUSER WAY S,Federal Way,WA,98001-9620,King,http://www.weyerhaeuser.com,Renee Jennings,Senior Vice President Sales & Marketing,$1 bil and above,81100,Timber Tracts
Weyerhaeuser Company,1301 5Th Ave,Federal Way,WA,98101,King,http://www.weyerhaeuser.com,Lynda Meadows,Controller and Director Information Technology Finance / Planning,$1 bil and above,81100,Timber Tracts
Weyerhaeuser Company,33663 WEYERHAEUSER WAY S,Federal Way,WA,98001-9620,King,http://www.weyerhaeuser.com,MacKinlee Reed,Human Resources Generalist III,$1 bil and above,81100,Timber Tracts
Medtronic Inc,11811 Willows Road Ne,Redmond,WA,98052,King,http://www.medtronic.com,Rob Moe,Senior Human Resources Manager,$1 bil and above,384500,Electromedical and Electrotherapeutic Apparatus
Apria Healthcare Group Inc.,14935 Ne 87Th St,Redmond,WA,98052,King,http://www.apria.com,Jill Barich,Administrative Assistant,,808200,Home Health Care Services
City of Seattle,700 5th Ave Ste 3300,Seattle,WA,98104-5031,King,http://www.cityofseattle.net,Corinne Grande,Supply Planning,$10 mil to less than $25,911100,Executive Offices
City of Seattle,700 5th Ave Ste 3300,Seattle,WA,98104-5031,King,http://www.cityofseattle.net,Leighton Stewart,Product Development Specialist,$10 mil to less than $25,911100,Executive Offices
City of Seattle,PO BOX 34023,Seattle,WA,98124-4023,King,http://www.cityofseattle.net,Scott Thomsen,Strategic Advisor,$10 mil to less than $25,911100,Executive Offices
City of Seattle,700 5th Ave Ste 3300,Seattle,WA,98104-5031,King,http://www.cityofseattle.net,Douglas Pullen,"Manager, Office Services",$10 mil to less than $25,911100,Executive Offices
City of Seattle,600 4th Ave,Seattle,WA,98104-1822,King,http://www.cityofseattle.net,Jolene Luck,Senior Information Technology Project Manager,$10 mil to less than $25,911100,Executive Offices
City of Seattle,700 5th Ave Ste 3300,Seattle,WA,98104-5031,King,http://www.cityofseattle.net,Jojie Lopez,Senior Electrical Engineer,$10 mil to less than $25,911100,Executive Offices
"T-Mobile USA, Inc.",12920 SE 38Th St,Bellevue,WA,98006,King,http://www.www-t-mobile.com,Cassie Jenkins,"Manager, Entertainment Marketing and Promotions",$1 bil and above,481200,Radiotelephone Communications
"Ryan Snyder Associates, LLC",310 MAPLE PARK AVE SE,Olympia,WA,98504-7358,Thurston,http://www.rsa.cc,Rico Baroga,Director of Marketing Services and Research,Less than $1 mil,738900,"Business Services, NEC"
The Blues Foundation Inc,330 6TH AVE N STE 100,Seattle,WA,98109-4613,King,http://www.blues.org,Cate Nedved,Facility Sales and Events Manager,Less than $1 mil,864100,"Civic, Social, and Fraternal Associations"
Metropolitan Market,4025 Delridge Way SW Ste 210,Seattle,WA,98106-1273,King,http://www.metropolitan-market.com,Fred Knoblich,"Vice President, Information Services",$5 mil to less than $10 m,541100,Grocery Stores
North Idaho College,Spokane Community College Bookstore 1810 N.Greene Street Ms # 2060,Spokane,WA,99207,Spokane,http://www.nic.edu,Bill Semmler,Event Contact / General Meetings Chair,$10 mil to less than $25,822100,"Colleges, Universities, and Professional Schools"
Itron Inc,2818 N Sullivan Rd,Spokane Valley,WA,99216-5074,Spokane,http://www.itron.com,Rich Marll,Director Human Resources,$1 bil and above,366300,Radio and Television Broadcasting and Communications Equipment
City of Seattle,2061 15TH AVE W,Seattle,WA,98119-2727,King,http://www.cityofseattle.net,Don Jordan,Director,$10 mil to less than $25,911100,Executive Offices
